User_ID,Initial_Emotion,Age,Gender,Occupation,Computer_Operating_Skill,Label,Stimulus,Response,Response_Time,Current_Emotion,Mouse_Data,Mouse_Clicks,Mouse_Clicks_List,Mouse_Downtime_List,Click_Moments_List,Speed,Velocity,Graph_file
110524180423,awe,21,Male,Student,Beginner,awe,awe_00003.jpg,Yes,1351,awe,"[{'x': 787, 'y': 616, 't': 297}, {'x': 842, 'y': 606, 't': 313}, {'x': 896, 'y': 593, 't': 330}, {'x': 958, 'y': 576, 't': 347}, {'x': 1008, 'y': 565, 't': 363}, {'x': 1048, 'y': 561, 't': 380}, {'x': 1079, 'y': 560, 't': 397}, {'x': 1104, 'y': 560, 't': 413}, {'x': 1132, 'y': 560, 't': 430}, {'x': 1151, 'y': 561, 't': 447}, {'x': 1165, 'y': 563, 't': 463}, {'x': 1168, 'y': 563, 't': 480}, {'x': 1076, 'y': 558, 't': 880}, {'x': 959, 'y': 536, 't': 896}, {'x': 869, 'y': 493, 't': 913}, {'x': 765, 'y': 430, 't': 930}, {'x': 656, 'y': 352, 't': 946}, {'x': 579, 'y': 288, 't': 963}, {'x': 548, 'y': 259, 't': 980}, {'x': 536, 'y': 247, 't': 996}, {'x': 535, 'y': 243, 't': 1013}, {'x': 534, 'y': 243, 't': 1079}, {'x': 533, 'y': 241, 't': 1103}, {'x': 532, 'y': 239, 't': 1113}, {'x': 531, 'y': 235, 't': 1130}, {'x': 528, 'y': 230, 't': 1146}, {'x': 527, 'y': 227, 't': 1163}, {'x': 526, 'y': 225, 't': 1180}, {'x': 526, 'y': 224, 't': 1196}]",1,"[{'x': 526, 'y': 224}]",[96],[1351],843.3484589493912,348.5866382419338,awe_20240511182323634980_graph.png
﻿User_ID,Initial_Emotion,Age,Gender,Occupation,Computer_Operating_Skill,Label,Stimulus,Response,Response_Time,Current_Emotion,Mouse_Data,Mouse_Clicks,Mouse_Clicks_List,Mouse_Downtime_List,Click_Moments_List,Speed,Velocity,Graph_file
110524180423,awe,21,Male,Student,Beginner,awe,awe_00003.jpg,Yes,1351,awe,"[{'x': 787, 'y': 616, 't': 297}, {'x': 842, 'y': 606, 't': 313}, {'x': 896, 'y': 593, 't': 330}, {'x': 958, 'y': 576, 't': 347}, {'x': 1008, 'y': 565, 't': 363}, {'x': 1048, 'y': 561, 't': 380}, {'x': 1079, 'y': 560, 't': 397}, {'x': 1104, 'y': 560, 't': 413}, {'x': 1132, 'y': 560, 't': 430}, {'x': 1151, 'y': 561, 't': 447}, {'x': 1165, 'y': 563, 't': 463}, {'x': 1168, 'y': 563, 't': 480}, {'x': 1076, 'y': 558, 't': 880}, {'x': 959, 'y': 536, 't': 896}, {'x': 869, 'y': 493, 't': 913}, {'x': 765, 'y': 430, 't': 930}, {'x': 656, 'y': 352, 't': 946}, {'x': 579, 'y': 288, 't': 963}, {'x': 548, 'y': 259, 't': 980}, {'x': 536, 'y': 247, 't': 996}, {'x': 535, 'y': 243, 't': 1013}, {'x': 534, 'y': 243, 't': 1079}, {'x': 533, 'y': 241, 't': 1103}, {'x': 532, 'y': 239, 't': 1113}, {'x': 531, 'y': 235, 't': 1130}, {'x': 528, 'y': 230, 't': 1146}, {'x': 527, 'y': 227, 't': 1163}, {'x': 526, 'y': 225, 't': 1180}, {'x': 526, 'y': 224, 't': 1196}]",1,"[{'x': 526, 'y': 224}]",[96],[1351],843.3484589493912,348.5866382419338,awe_20240511182323634980_graph.png
110524180423,awe,21,Male,Student,Beginner,excitement,excitement_00003.jpg,Yes,1679,contentment,"[{'x': 623, 'y': 395, 't': 15}, {'x': 624, 'y': 395, 't': 32}, {'x': 624, 'y': 394, 't': 48}, {'x': 634, 'y': 394, 't': 215}, {'x': 644, 'y': 392, 't': 232}, {'x': 660, 'y': 389, 't': 249}, {'x': 681, 'y': 381, 't': 265}, {'x': 705, 'y': 367, 't': 282}, {'x': 720, 'y': 352, 't': 299}, {'x': 728, 'y': 336, 't': 315}, {'x': 726, 'y': 307, 't': 332}, {'x': 713, 'y': 287, 't': 348}, {'x': 683, 'y': 259, 't': 365}, {'x': 637, 'y': 238, 't': 382}, {'x': 614, 'y': 237, 't': 399}, {'x': 597, 'y': 247, 't': 415}, {'x': 580, 'y': 265, 't': 432}, {'x': 564, 'y': 295, 't': 449}, {'x': 554, 'y': 328, 't': 465}, {'x': 551, 'y': 356, 't': 482}, {'x': 551, 'y': 370, 't': 498}, {'x': 552, 'y': 373, 't': 515}, {'x': 562, 'y': 371, 't': 531}, {'x': 576, 'y': 356, 't': 549}, {'x': 579, 'y': 338, 't': 565}, {'x': 573, 'y': 318, 't': 582}, {'x': 557, 'y': 296, 't': 598}, {'x': 540, 'y': 283, 't': 615}, {'x': 530, 'y': 277, 't': 631}, {'x': 523, 'y': 274, 't': 648}, {'x': 520, 'y': 272, 't': 665}, {'x': 520, 'y': 271, 't': 699}, {'x': 520, 'y': 268, 't': 831}, {'x': 520, 'y': 267, 't': 848}, {'x': 520, 'y': 265, 't': 865}, {'x': 520, 'y': 264, 't': 882}, {'x': 520, 'y': 263, 't': 899}, {'x': 520, 'y': 261, 't': 1131}, {'x': 520, 'y': 258, 't': 1148}, {'x': 520, 'y': 255, 't': 1165}, {'x': 520, 'y': 254, 't': 1181}, {'x': 520, 'y': 251, 't': 1198}, {'x': 520, 'y': 249, 't': 1215}, {'x': 520, 'y': 248, 't': 1232}, {'x': 520, 'y': 247, 't': 1248}]",1,"[{'x': 520, 'y': 247}]",[99],[1679],369.26864218453085,107.39345782080034,excitement_20240512104733466790_graph.png
110524180423,awe,21,Male,Student,Beginner,disgust,"<iframe width=""700"" height=""450"" src=""https://www.youtube.com/embed/yekWI59YWTg?si=rFBYReNokzbpMk9K&amp;controls=0"" title=""YouTube video player"" frameborder=""0"" allow=""accelerometer; autoplay; clipboard-write; encrypted-media; gyroscope; picture-in-picture; web-share"" allowfullscreen></iframe>",Yes,2233,awe,"[{'x': 758, 'y': 647, 't': 649}, {'x': 758, 'y': 646, 't': 666}, {'x': 758, 'y': 645, 't': 682}, {'x': 756, 'y': 643, 't': 833}, {'x': 755, 'y': 642, 't': 849}, {'x': 754, 'y': 641, 't': 999}, {'x': 749, 'y': 638, 't': 1016}, {'x': 748, 'y': 635, 't': 1032}, {'x': 744, 'y': 633, 't': 1049}, {'x': 741, 'y': 628, 't': 1066}, {'x': 734, 'y': 623, 't': 1082}, {'x': 727, 'y': 609, 't': 1099}, {'x': 720, 'y': 597, 't': 1116}, {'x': 712, 'y': 584, 't': 1133}, {'x': 704, 'y': 570, 't': 1149}, {'x': 696, 'y': 550, 't': 1166}, {'x': 686, 'y': 528, 't': 1183}, {'x': 673, 'y': 501, 't': 1199}, {'x': 657, 'y': 467, 't': 1216}, {'x': 644, 'y': 436, 't': 1232}, {'x': 637, 'y': 422, 't': 1249}, {'x': 631, 'y': 408, 't': 1266}, {'x': 624, 'y': 391, 't': 1284}, {'x': 616, 'y': 371, 't': 1300}, {'x': 606, 'y': 350, 't': 1317}, {'x': 601, 'y': 337, 't': 1333}, {'x': 596, 'y': 327, 't': 1350}, {'x': 591, 'y': 319, 't': 1367}, {'x': 585, 'y': 310, 't': 1383}, {'x': 580, 'y': 299, 't': 1399}, {'x': 568, 'y': 276, 't': 1416}, {'x': 563, 'y': 267, 't': 1432}, {'x': 554, 'y': 253, 't': 1449}, {'x': 550, 'y': 248, 't': 1466}, {'x': 547, 'y': 244, 't': 1483}, {'x': 546, 'y': 240, 't': 1500}, {'x': 543, 'y': 234, 't': 1516}, {'x': 541, 'y': 229, 't': 1533}, {'x': 538, 'y': 224, 't': 1549}, {'x': 536, 'y': 219, 't': 1566}, {'x': 536, 'y': 217, 't': 1583}, {'x': 532, 'y': 211, 't': 1600}, {'x': 532, 'y': 210, 't': 1616}, {'x': 530, 'y': 204, 't': 1632}, {'x': 528, 'y': 199, 't': 1649}, {'x': 528, 'y': 196, 't': 1666}, {'x': 527, 'y': 194, 't': 1682}, {'x': 525, 'y': 190, 't': 1699}, {'x': 525, 'y': 186, 't': 1716}, {'x': 525, 'y': 183, 't': 1732}, {'x': 524, 'y': 181, 't': 1750}, {'x': 524, 'y': 179, 't': 1766}]",1,"[{'x': 524, 'y': 179}]",[101],[2233],237.10165880098248,234.3214987617334,disgust_20240512104749850919_graph.png
110524180423,awe,21,Male,Student,Beginner,excitement,excitement_00004.jpg,Yes,9788,amusement,"[{'x': 472, 'y': 171, 't': 771}, {'x': 464, 'y': 173, 't': 789}, {'x': 455, 'y': 175, 't': 805}, {'x': 452, 'y': 176, 't': 822}, {'x': 447, 'y': 178, 't': 839}, {'x': 445, 'y': 179, 't': 855}, {'x': 442, 'y': 179, 't': 872}, {'x': 436, 'y': 179, 't': 889}, {'x': 431, 'y': 183, 't': 905}, {'x': 424, 'y': 185, 't': 922}, {'x': 421, 'y': 188, 't': 939}, {'x': 418, 'y': 192, 't': 955}, {'x': 414, 'y': 199, 't': 971}, {'x': 412, 'y': 203, 't': 988}, {'x': 412, 'y': 207, 't': 1005}, {'x': 410, 'y': 210, 't': 1022}, {'x': 410, 'y': 211, 't': 1039}, {'x': 409, 'y': 214, 't': 1056}, {'x': 408, 'y': 217, 't': 1072}, {'x': 408, 'y': 219, 't': 1088}, {'x': 407, 'y': 223, 't': 1105}, {'x': 406, 'y': 227, 't': 1122}, {'x': 404, 'y': 230, 't': 1138}, {'x': 403, 'y': 232, 't': 1173}, {'x': 401, 'y': 233, 't': 1188}, {'x': 400, 'y': 235, 't': 1205}, {'x': 398, 'y': 237, 't': 1239}, {'x': 396, 'y': 239, 't': 1272}, {'x': 394, 'y': 239, 't': 1305}, {'x': 392, 'y': 240, 't': 1322}, {'x': 391, 'y': 240, 't': 1339}, {'x': 389, 'y': 240, 't': 1355}, {'x': 387, 'y': 240, 't': 1372}, {'x': 383, 'y': 240, 't': 1389}, {'x': 381, 'y': 240, 't': 1405}, {'x': 378, 'y': 240, 't': 1422}, {'x': 377, 'y': 240, 't': 1438}, {'x': 369, 'y': 236, 't': 1455}, {'x': 364, 'y': 235, 't': 1471}, {'x': 358, 'y': 234, 't': 1488}, {'x': 353, 'y': 231, 't': 1505}, {'x': 350, 'y': 229, 't': 1522}, {'x': 347, 'y': 227, 't': 1540}, {'x': 344, 'y': 225, 't': 1555}, {'x': 339, 'y': 223, 't': 1571}, {'x': 332, 'y': 219, 't': 1588}, {'x': 327, 'y': 215, 't': 1605}, {'x': 322, 'y': 212, 't': 1623}, {'x': 319, 'y': 211, 't': 1638}, {'x': 318, 'y': 211, 't': 1655}, {'x': 317, 'y': 211, 't': 1672}, {'x': 316, 'y': 211, 't': 1688}, {'x': 315, 'y': 210, 't': 1705}, {'x': 314, 'y': 209, 't': 1722}, {'x': 312, 'y': 208, 't': 1738}, {'x': 308, 'y': 207, 't': 1755}, {'x': 308, 'y': 206, 't': 1773}, {'x': 307, 'y': 206, 't': 1860}, {'x': 307, 'y': 207, 't': 1873}, {'x': 306, 'y': 207, 't': 2144}, {'x': 305, 'y': 206, 't': 2188}, {'x': 304, 'y': 205, 't': 2205}, {'x': 304, 'y': 203, 't': 2222}, {'x': 301, 'y': 200, 't': 2238}, {'x': 299, 'y': 198, 't': 2256}, {'x': 296, 'y': 196, 't': 2271}, {'x': 291, 'y': 194, 't': 2288}, {'x': 288, 'y': 194, 't': 2305}, {'x': 285, 'y': 193, 't': 2321}, {'x': 283, 'y': 193, 't': 2338}, {'x': 280, 'y': 193, 't': 2355}, {'x': 279, 'y': 193, 't': 2371}, {'x': 276, 'y': 193, 't': 2388}, {'x': 276, 'y': 192, 't': 3548}, {'x': 275, 'y': 192, 't': 4272}, {'x': 266, 'y': 192, 't': 4288}, {'x': 261, 'y': 191, 't': 4305}, {'x': 255, 'y': 190, 't': 4321}, {'x': 247, 'y': 187, 't': 4338}, {'x': 238, 'y': 183, 't': 4355}, {'x': 229, 'y': 180, 't': 4371}, {'x': 215, 'y': 171, 't': 4388}, {'x': 212, 'y': 171, 't': 4405}, {'x': 192, 'y': 162, 't': 4421}, {'x': 182, 'y': 159, 't': 4438}, {'x': 159, 'y': 154, 't': 4455}, {'x': 142, 'y': 149, 't': 4471}, {'x': 128, 'y': 145, 't': 4488}, {'x': 115, 'y': 137, 't': 4505}, {'x': 108, 'y': 134, 't': 4521}, {'x': 105, 'y': 132, 't': 4538}, {'x': 104, 'y': 131, 't': 4555}, {'x': 103, 'y': 130, 't': 4571}, {'x': 101, 'y': 127, 't': 4588}, {'x': 100, 'y': 127, 't': 4605}, {'x': 100, 'y': 126, 't': 4638}, {'x': 99, 'y': 125, 't': 4688}, {'x': 99, 'y': 124, 't': 4705}, {'x': 99, 'y': 123, 't': 4736}, {'x': 99, 'y': 122, 't': 4844}, {'x': 100, 'y': 122, 't': 4860}, {'x': 101, 'y': 121, 't': 4940}, {'x': 104, 'y': 119, 't': 4987}, {'x': 105, 'y': 119, 't': 5005}, {'x': 108, 'y': 119, 't': 5022}, {'x': 109, 'y': 119, 't': 5040}, {'x': 111, 'y': 119, 't': 5055}, {'x': 112, 'y': 119, 't': 5071}, {'x': 113, 'y': 119, 't': 5092}, {'x': 114, 'y': 119, 't': 5105}, {'x': 120, 'y': 119, 't': 5121}, {'x': 122, 'y': 119, 't': 5139}, {'x': 131, 'y': 120, 't': 5155}, {'x': 136, 'y': 122, 't': 5171}, {'x': 143, 'y': 123, 't': 5189}, {'x': 146, 'y': 124, 't': 5204}, {'x': 149, 'y': 125, 't': 5221}, {'x': 152, 'y': 125, 't': 5238}, {'x': 156, 'y': 127, 't': 5255}, {'x': 160, 'y': 129, 't': 5271}, {'x': 163, 'y': 131, 't': 5288}, {'x': 167, 'y': 134, 't': 5306}, {'x': 171, 'y': 137, 't': 5322}, {'x': 173, 'y': 138, 't': 5338}, {'x': 176, 'y': 140, 't': 5355}, {'x': 184, 'y': 145, 't': 5372}, {'x': 185, 'y': 147, 't': 5387}, {'x': 196, 'y': 154, 't': 5405}, {'x': 197, 'y': 155, 't': 5422}, {'x': 200, 'y': 158, 't': 5438}, {'x': 203, 'y': 159, 't': 5455}, {'x': 205, 'y': 160, 't': 5472}, {'x': 207, 'y': 162, 't': 5488}, {'x': 209, 'y': 163, 't': 5505}, {'x': 210, 'y': 163, 't': 5521}, {'x': 211, 'y': 164, 't': 5539}, {'x': 212, 'y': 165, 't': 5555}, {'x': 213, 'y': 166, 't': 5572}, {'x': 214, 'y': 167, 't': 5588}, {'x': 215, 'y': 167, 't': 5604}, {'x': 215, 'y': 166, 't': 6648}, {'x': 215, 'y': 167, 't': 6756}, {'x': 216, 'y': 171, 't': 6771}, {'x': 223, 'y': 184, 't': 6788}, {'x': 224, 'y': 187, 't': 6805}, {'x': 227, 'y': 193, 't': 6820}, {'x': 228, 'y': 195, 't': 6838}, {'x': 228, 'y': 196, 't': 6854}, {'x': 228, 'y': 197, 't': 6888}]",1,"[{'x': 228, 'y': 197}]",[95],[9787],62.822338863076226,25.069609305635367,excitement_20240512104939154121_graph.png
110524180423,awe,21,Male,Student,Beginner,fear,"<iframe width=""700"" height=""450"" src=""https://www.youtube.com/embed/gbWE47w2oLE?si=QUj_WuoXZ3nDE-N2&amp;controls=0"" title=""YouTube video player"" frameborder=""0"" allow=""accelerometer; autoplay; clipboard-write; encrypted-media; gyroscope; picture-in-picture; web-share"" allowfullscreen></iframe>",Yes,3576,awe,"[{'x': 406, 'y': 621, 't': 408}, {'x': 405, 'y': 620, 't': 424}, {'x': 405, 'y': 619, 't': 441}, {'x': 404, 'y': 618, 't': 458}, {'x': 404, 'y': 616, 't': 475}, {'x': 404, 'y': 615, 't': 492}, {'x': 404, 'y': 614, 't': 508}, {'x': 402, 'y': 612, 't': 524}, {'x': 402, 'y': 611, 't': 542}, {'x': 401, 'y': 609, 't': 558}, {'x': 400, 'y': 608, 't': 574}, {'x': 400, 'y': 607, 't': 592}, {'x': 400, 'y': 604, 't': 608}, {'x': 399, 'y': 601, 't': 624}, {'x': 398, 'y': 599, 't': 641}, {'x': 397, 'y': 597, 't': 658}, {'x': 397, 'y': 596, 't': 675}, {'x': 397, 'y': 595, 't': 691}, {'x': 397, 'y': 594, 't': 724}, {'x': 397, 'y': 593, 't': 758}, {'x': 397, 'y': 592, 't': 774}, {'x': 397, 'y': 591, 't': 791}, {'x': 397, 'y': 590, 't': 808}, {'x': 397, 'y': 589, 't': 841}, {'x': 397, 'y': 588, 't': 858}, {'x': 397, 'y': 587, 't': 874}, {'x': 397, 'y': 585, 't': 908}, {'x': 397, 'y': 584, 't': 925}, {'x': 397, 'y': 583, 't': 941}, {'x': 397, 'y': 582, 't': 958}, {'x': 397, 'y': 581, 't': 974}, {'x': 397, 'y': 580, 't': 991}, {'x': 397, 'y': 579, 't': 1008}, {'x': 397, 'y': 577, 't': 1024}, {'x': 397, 'y': 575, 't': 1041}, {'x': 400, 'y': 570, 't': 1058}, {'x': 404, 'y': 559, 't': 1075}, {'x': 408, 'y': 547, 't': 1092}, {'x': 415, 'y': 532, 't': 1108}, {'x': 424, 'y': 507, 't': 1125}, {'x': 439, 'y': 465, 't': 1141}, {'x': 452, 'y': 433, 't': 1158}, {'x': 464, 'y': 399, 't': 1175}, {'x': 469, 'y': 391, 't': 1191}, {'x': 476, 'y': 366, 't': 1207}, {'x': 487, 'y': 323, 't': 1225}, {'x': 492, 'y': 302, 't': 1241}, {'x': 493, 'y': 284, 't': 1258}, {'x': 495, 'y': 271, 't': 1275}, {'x': 495, 'y': 259, 't': 1291}, {'x': 495, 'y': 247, 't': 1308}, {'x': 495, 'y': 232, 't': 1324}, {'x': 495, 'y': 223, 't': 1342}, {'x': 496, 'y': 213, 't': 1357}, {'x': 496, 'y': 205, 't': 1374}, {'x': 497, 'y': 200, 't': 1391}, {'x': 498, 'y': 195, 't': 1408}, {'x': 499, 'y': 195, 't': 1424}, {'x': 499, 'y': 194, 't': 1497}, {'x': 499, 'y': 193, 't': 1512}, {'x': 499, 'y': 192, 't': 1525}, {'x': 499, 'y': 191, 't': 1541}, {'x': 499, 'y': 190, 't': 1632}, {'x': 499, 'y': 189, 't': 1641}, {'x': 497, 'y': 187, 't': 1675}, {'x': 497, 'y': 186, 't': 1691}, {'x': 497, 'y': 184, 't': 1708}, {'x': 496, 'y': 184, 't': 1725}, {'x': 496, 'y': 183, 't': 1741}, {'x': 495, 'y': 183, 't': 1791}, {'x': 495, 'y': 182, 't': 1824}, {'x': 495, 'y': 181, 't': 1841}, {'x': 495, 'y': 180, 't': 1908}]",1,"[{'x': 495, 'y': 180}]",[92],[3576],130.05249431579546,125.80847257654113,fear_20240512111413753180_graph.png
110524180423,awe,21,Male,Student,Beginner,awe,awe_00002.jpg,Yes,5264,awe,"[{'x': 346, 'y': 607, 't': 503}, {'x': 346, 'y': 604, 't': 519}, {'x': 346, 'y': 603, 't': 536}, {'x': 346, 'y': 602, 't': 552}, {'x': 346, 'y': 600, 't': 569}, {'x': 346, 'y': 599, 't': 586}, {'x': 346, 'y': 597, 't': 602}, {'x': 346, 'y': 596, 't': 619}, {'x': 348, 'y': 594, 't': 636}, {'x': 348, 'y': 592, 't': 653}, {'x': 348, 'y': 589, 't': 669}, {'x': 351, 'y': 584, 't': 686}, {'x': 351, 'y': 581, 't': 703}, {'x': 352, 'y': 578, 't': 720}, {'x': 352, 'y': 575, 't': 736}, {'x': 354, 'y': 571, 't': 752}, {'x': 355, 'y': 563, 't': 769}, {'x': 357, 'y': 558, 't': 786}, {'x': 359, 'y': 553, 't': 802}, {'x': 362, 'y': 549, 't': 819}, {'x': 364, 'y': 543, 't': 836}, {'x': 368, 'y': 538, 't': 853}, {'x': 372, 'y': 526, 't': 869}, {'x': 382, 'y': 501, 't': 886}, {'x': 391, 'y': 479, 't': 903}, {'x': 398, 'y': 459, 't': 920}, {'x': 404, 'y': 440, 't': 936}, {'x': 412, 'y': 417, 't': 952}, {'x': 418, 'y': 401, 't': 969}, {'x': 425, 'y': 383, 't': 986}, {'x': 434, 'y': 364, 't': 1003}, {'x': 444, 'y': 341, 't': 1019}, {'x': 454, 'y': 323, 't': 1036}, {'x': 462, 'y': 308, 't': 1053}, {'x': 470, 'y': 297, 't': 1069}, {'x': 475, 'y': 291, 't': 1086}, {'x': 478, 'y': 287, 't': 1103}, {'x': 479, 'y': 287, 't': 1119}, {'x': 477, 'y': 287, 't': 1493}, {'x': 472, 'y': 294, 't': 1503}, {'x': 462, 'y': 303, 't': 1520}, {'x': 460, 'y': 304, 't': 1536}, {'x': 463, 'y': 302, 't': 1593}, {'x': 468, 'y': 295, 't': 1603}, {'x': 488, 'y': 268, 't': 1620}, {'x': 510, 'y': 239, 't': 1636}, {'x': 537, 'y': 196, 't': 1653}, {'x': 569, 'y': 145, 't': 1669}, {'x': 591, 'y': 106, 't': 1686}, {'x': 600, 'y': 85, 't': 1702}, {'x': 605, 'y': 73, 't': 1720}, {'x': 610, 'y': 65, 't': 1736}, {'x': 614, 'y': 55, 't': 1752}, {'x': 619, 'y': 40, 't': 1769}, {'x': 624, 'y': 25, 't': 1786}, {'x': 630, 'y': 11, 't': 1802}, {'x': 636, 'y': 0, 't': 1819}, {'x': 1296, 'y': 1, 't': 3282}, {'x': 1280, 'y': 11, 't': 3289}, {'x': 1270, 'y': 19, 't': 3302}, {'x': 1248, 'y': 31, 't': 3319}, {'x': 1223, 'y': 48, 't': 3336}, {'x': 1198, 'y': 67, 't': 3352}, {'x': 1164, 'y': 95, 't': 3369}, {'x': 1146, 'y': 112, 't': 3386}, {'x': 1127, 'y': 129, 't': 3402}, {'x': 1108, 'y': 148, 't': 3421}, {'x': 1093, 'y': 164, 't': 3436}, {'x': 1076, 'y': 180, 't': 3453}, {'x': 1060, 'y': 198, 't': 3469}, {'x': 1040, 'y': 223, 't': 3485}, {'x': 1028, 'y': 239, 't': 3502}, {'x': 1017, 'y': 253, 't': 3519}, {'x': 1002, 'y': 279, 't': 3536}, {'x': 998, 'y': 289, 't': 3553}, {'x': 988, 'y': 311, 't': 3570}, {'x': 979, 'y': 327, 't': 3586}, {'x': 973, 'y': 340, 't': 3603}, {'x': 968, 'y': 352, 't': 3619}, {'x': 962, 'y': 363, 't': 3636}, {'x': 956, 'y': 375, 't': 3653}, {'x': 948, 'y': 387, 't': 3669}, {'x': 936, 'y': 403, 't': 3686}, {'x': 926, 'y': 417, 't': 3703}, {'x': 912, 'y': 432, 't': 3719}, {'x': 896, 'y': 447, 't': 3736}, {'x': 890, 'y': 452, 't': 3752}, {'x': 881, 'y': 458, 't': 3768}, {'x': 876, 'y': 462, 't': 3785}, {'x': 866, 'y': 463, 't': 3802}, {'x': 851, 'y': 463, 't': 3818}, {'x': 829, 'y': 459, 't': 3835}, {'x': 789, 'y': 444, 't': 3852}, {'x': 749, 'y': 427, 't': 3869}, {'x': 712, 'y': 407, 't': 3885}, {'x': 689, 'y': 393, 't': 3902}, {'x': 673, 'y': 383, 't': 3919}, {'x': 664, 'y': 373, 't': 3935}, {'x': 660, 'y': 363, 't': 3952}, {'x': 656, 'y': 344, 't': 3969}, {'x': 656, 'y': 327, 't': 3985}, {'x': 656, 'y': 311, 't': 4002}, {'x': 660, 'y': 295, 't': 4018}, {'x': 665, 'y': 287, 't': 4035}, {'x': 669, 'y': 284, 't': 4052}, {'x': 675, 'y': 284, 't': 4068}, {'x': 680, 'y': 287, 't': 4085}, {'x': 691, 'y': 295, 't': 4102}, {'x': 701, 'y': 304, 't': 4119}, {'x': 705, 'y': 311, 't': 4135}, {'x': 709, 'y': 317, 't': 4152}, {'x': 712, 'y': 323, 't': 4168}, {'x': 712, 'y': 324, 't': 4192}, {'x': 713, 'y': 324, 't': 4202}, {'x': 715, 'y': 324, 't': 4218}, {'x': 719, 'y': 324, 't': 4235}, {'x': 730, 'y': 324, 't': 4252}, {'x': 743, 'y': 324, 't': 4268}, {'x': 759, 'y': 324, 't': 4285}, {'x': 779, 'y': 323, 't': 4302}, {'x': 797, 'y': 322, 't': 4318}, {'x': 819, 'y': 321, 't': 4335}, {'x': 840, 'y': 318, 't': 4352}, {'x': 865, 'y': 313, 't': 4368}, {'x': 876, 'y': 309, 't': 4385}, {'x': 882, 'y': 307, 't': 4402}, {'x': 885, 'y': 305, 't': 4418}, {'x': 888, 'y': 304, 't': 4435}, {'x': 889, 'y': 304, 't': 4452}, {'x': 891, 'y': 304, 't': 4468}, {'x': 892, 'y': 303, 't': 4485}, {'x': 893, 'y': 303, 't': 4502}, {'x': 896, 'y': 303, 't': 4518}, {'x': 908, 'y': 300, 't': 4535}, {'x': 931, 'y': 295, 't': 4552}, {'x': 977, 'y': 288, 't': 4568}, {'x': 990, 'y': 287, 't': 4585}, {'x': 991, 'y': 287, 't': 4602}, {'x': 992, 'y': 287, 't': 4681}, {'x': 992, 'y': 286, 't': 4688}, {'x': 993, 'y': 284, 't': 4702}, {'x': 996, 'y': 282, 't': 4718}, {'x': 998, 'y': 279, 't': 4735}, {'x': 1002, 'y': 271, 't': 4752}, {'x': 1008, 'y': 259, 't': 4769}, {'x': 1008, 'y': 252, 't': 4785}, {'x': 1009, 'y': 247, 't': 4802}, {'x': 1009, 'y': 245, 't': 4818}, {'x': 1009, 'y': 244, 't': 4835}, {'x': 1007, 'y': 245, 't': 5068}, {'x': 1004, 'y': 246, 't': 5085}, {'x': 1000, 'y': 247, 't': 5102}, {'x': 999, 'y': 248, 't': 5118}, {'x': 998, 'y': 248, 't': 5135}, {'x': 997, 'y': 248, 't': 5152}]",1,"[{'x': 997, 'y': 248}]",[72],[5264],524.5936893418393,141.2283156789352,awe_20240512111609997108_graph.png
110524180423,awe,21,Male,Student,Beginner,anger,anger_00002.jpg,Yes,4828,awe,"[{'x': 777, 'y': 595, 't': 351}, {'x': 775, 'y': 591, 't': 483}, {'x': 769, 'y': 583, 't': 500}, {'x': 768, 'y': 578, 't': 517}, {'x': 764, 'y': 570, 't': 533}, {'x': 756, 'y': 558, 't': 550}, {'x': 746, 'y': 542, 't': 567}, {'x': 733, 'y': 526, 't': 583}, {'x': 717, 'y': 506, 't': 601}, {'x': 696, 'y': 483, 't': 617}, {'x': 672, 'y': 456, 't': 633}, {'x': 654, 'y': 437, 't': 650}, {'x': 634, 'y': 417, 't': 667}, {'x': 610, 'y': 394, 't': 683}, {'x': 586, 'y': 371, 't': 700}, {'x': 575, 'y': 359, 't': 717}, {'x': 567, 'y': 348, 't': 734}, {'x': 559, 'y': 336, 't': 750}, {'x': 552, 'y': 324, 't': 766}, {'x': 544, 'y': 312, 't': 783}, {'x': 540, 'y': 304, 't': 800}, {'x': 536, 'y': 299, 't': 817}, {'x': 534, 'y': 295, 't': 850}, {'x': 532, 'y': 293, 't': 866}, {'x': 525, 'y': 283, 't': 883}, {'x': 521, 'y': 276, 't': 900}, {'x': 516, 'y': 268, 't': 916}, {'x': 514, 'y': 266, 't': 933}, {'x': 514, 'y': 265, 't': 950}, {'x': 513, 'y': 263, 't': 1033}, {'x': 512, 'y': 263, 't': 1084}]",1,"[{'x': 512, 'y': 263}]",[101],[4828],88.7066025570644,87.98527148149108,anger_20240512112651207798_graph.png
110524180423,awe,21,Male,Student,Beginner,excitement,excitement_00003.jpg,Yes,1680,awe,"[{'x': 767, 'y': 584, 't': 671}, {'x': 758, 'y': 573, 't': 687}, {'x': 748, 'y': 562, 't': 704}, {'x': 732, 'y': 543, 't': 720}, {'x': 719, 'y': 529, 't': 737}, {'x': 706, 'y': 514, 't': 754}, {'x': 695, 'y': 503, 't': 770}, {'x': 690, 'y': 497, 't': 787}, {'x': 685, 'y': 491, 't': 804}, {'x': 681, 'y': 484, 't': 820}, {'x': 671, 'y': 472, 't': 837}, {'x': 662, 'y': 461, 't': 854}, {'x': 655, 'y': 452, 't': 870}, {'x': 648, 'y': 443, 't': 887}, {'x': 644, 'y': 437, 't': 904}, {'x': 640, 'y': 431, 't': 920}, {'x': 639, 'y': 428, 't': 937}, {'x': 637, 'y': 424, 't': 954}, {'x': 633, 'y': 419, 't': 970}, {'x': 624, 'y': 407, 't': 987}, {'x': 614, 'y': 394, 't': 1004}, {'x': 607, 'y': 385, 't': 1020}, {'x': 603, 'y': 378, 't': 1037}, {'x': 598, 'y': 371, 't': 1054}, {'x': 594, 'y': 367, 't': 1071}, {'x': 580, 'y': 351, 't': 1087}, {'x': 570, 'y': 339, 't': 1103}, {'x': 561, 'y': 331, 't': 1121}, {'x': 556, 'y': 325, 't': 1139}, {'x': 552, 'y': 320, 't': 1154}, {'x': 551, 'y': 319, 't': 1170}, {'x': 549, 'y': 317, 't': 1187}, {'x': 548, 'y': 316, 't': 1205}, {'x': 547, 'y': 315, 't': 1220}, {'x': 546, 'y': 314, 't': 1304}, {'x': 541, 'y': 307, 't': 1320}, {'x': 537, 'y': 299, 't': 1337}, {'x': 533, 'y': 291, 't': 1355}, {'x': 526, 'y': 281, 't': 1371}, {'x': 522, 'y': 274, 't': 1389}, {'x': 519, 'y': 269, 't': 1403}, {'x': 516, 'y': 263, 't': 1421}, {'x': 514, 'y': 260, 't': 1437}, {'x': 513, 'y': 259, 't': 1454}, {'x': 512, 'y': 257, 't': 1537}, {'x': 510, 'y': 251, 't': 1554}, {'x': 510, 'y': 249, 't': 1571}, {'x': 510, 'y': 248, 't': 1587}]",1,"[{'x': 510, 'y': 248}]",[72],[1680],253.47192619159972,251.79697149212834,excitement_20240512113905243933_graph.png
110524180423,awe,21,Male,Student,Beginner,anger,"<iframe width=""700"" height=""450"" src=""https://www.youtube.com/embed/guVlUIt-eP4?si=ThXOTkgF7BjIoLul&amp;controls=0"" title=""YouTube video player"" frameborder=""0"" allow=""accelerometer; autoplay; clipboard-write; encrypted-media; gyroscope; picture-in-picture; web-share"" allowfullscreen></iframe>",Yes,2529,awe,"[{'x': 774, 'y': 589, 't': 73}, {'x': 774, 'y': 588, 't': 106}, {'x': 774, 'y': 587, 't': 173}, {'x': 774, 'y': 586, 't': 189}, {'x': 773, 'y': 584, 't': 206}, {'x': 772, 'y': 581, 't': 223}, {'x': 771, 'y': 577, 't': 239}, {'x': 768, 'y': 571, 't': 256}, {'x': 766, 'y': 565, 't': 272}, {'x': 764, 'y': 553, 't': 290}, {'x': 762, 'y': 546, 't': 306}, {'x': 760, 'y': 537, 't': 323}, {'x': 758, 'y': 527, 't': 339}, {'x': 752, 'y': 499, 't': 356}, {'x': 742, 'y': 463, 't': 373}, {'x': 736, 'y': 437, 't': 389}, {'x': 728, 'y': 420, 't': 406}, {'x': 724, 'y': 408, 't': 422}, {'x': 719, 'y': 398, 't': 439}, {'x': 716, 'y': 391, 't': 456}, {'x': 714, 'y': 385, 't': 473}, {'x': 711, 'y': 377, 't': 489}, {'x': 710, 'y': 371, 't': 506}, {'x': 708, 'y': 365, 't': 523}, {'x': 708, 'y': 359, 't': 539}, {'x': 706, 'y': 355, 't': 555}, {'x': 705, 'y': 351, 't': 572}, {'x': 704, 'y': 349, 't': 589}, {'x': 704, 'y': 347, 't': 606}, {'x': 701, 'y': 347, 't': 622}, {'x': 700, 'y': 346, 't': 639}, {'x': 699, 'y': 345, 't': 656}, {'x': 698, 'y': 344, 't': 672}, {'x': 697, 'y': 343, 't': 689}, {'x': 696, 'y': 343, 't': 723}, {'x': 694, 'y': 336, 't': 1121}, {'x': 692, 'y': 331, 't': 1124}, {'x': 692, 'y': 329, 't': 1139}, {'x': 692, 'y': 328, 't': 1281}, {'x': 692, 'y': 327, 't': 1289}, {'x': 693, 'y': 327, 't': 1306}, {'x': 692, 'y': 327, 't': 1385}, {'x': 691, 'y': 328, 't': 1401}, {'x': 682, 'y': 329, 't': 1439}, {'x': 664, 'y': 329, 't': 1455}, {'x': 637, 'y': 329, 't': 1472}, {'x': 600, 'y': 322, 't': 1491}, {'x': 583, 'y': 316, 't': 1505}, {'x': 570, 'y': 309, 't': 1522}, {'x': 560, 'y': 303, 't': 1539}, {'x': 550, 'y': 295, 't': 1556}, {'x': 540, 'y': 290, 't': 1573}, {'x': 529, 'y': 284, 't': 1589}, {'x': 522, 'y': 280, 't': 1607}, {'x': 516, 'y': 276, 't': 1623}, {'x': 513, 'y': 273, 't': 1640}, {'x': 512, 'y': 271, 't': 1656}, {'x': 510, 'y': 269, 't': 1672}, {'x': 509, 'y': 267, 't': 1689}, {'x': 508, 'y': 265, 't': 1705}, {'x': 508, 'y': 263, 't': 1722}, {'x': 506, 'y': 262, 't': 1739}, {'x': 505, 'y': 261, 't': 1756}, {'x': 504, 'y': 256, 't': 1772}, {'x': 504, 'y': 251, 't': 1789}, {'x': 503, 'y': 247, 't': 1805}, {'x': 501, 'y': 243, 't': 1823}, {'x': 501, 'y': 240, 't': 1840}, {'x': 500, 'y': 236, 't': 1857}, {'x': 500, 'y': 235, 't': 1873}, {'x': 500, 'y': 232, 't': 1906}, {'x': 500, 'y': 231, 't': 1922}, {'x': 500, 'y': 229, 't': 1955}]",1,"[{'x': 500, 'y': 229}]",[95],[2528],206.95119466955552,178.88940975747607,anger_20240512114502814340_graph.png
110524180423,awe,21,Male,Student,Beginner,contentment,contentment_00006.jpg,Yes,1584,amusement,"[{'x': 772, 'y': 591, 't': 222}, {'x': 777, 'y': 586, 't': 239}, {'x': 783, 'y': 581, 't': 256}, {'x': 800, 'y': 568, 't': 272}, {'x': 852, 'y': 535, 't': 288}, {'x': 895, 'y': 507, 't': 306}, {'x': 930, 'y': 485, 't': 322}, {'x': 955, 'y': 467, 't': 339}, {'x': 968, 'y': 454, 't': 356}, {'x': 1002, 'y': 412, 't': 372}, {'x': 1011, 'y': 394, 't': 388}, {'x': 1012, 'y': 383, 't': 405}, {'x': 1012, 'y': 375, 't': 422}, {'x': 1012, 'y': 367, 't': 439}, {'x': 994, 'y': 326, 't': 455}, {'x': 987, 'y': 315, 't': 472}, {'x': 948, 'y': 263, 't': 488}, {'x': 926, 'y': 242, 't': 506}, {'x': 887, 'y': 211, 't': 522}, {'x': 843, 'y': 190, 't': 539}, {'x': 787, 'y': 171, 't': 555}, {'x': 728, 'y': 154, 't': 572}, {'x': 688, 'y': 146, 't': 588}, {'x': 676, 'y': 144, 't': 606}, {'x': 654, 'y': 143, 't': 622}, {'x': 645, 'y': 144, 't': 638}, {'x': 640, 'y': 146, 't': 655}, {'x': 628, 'y': 148, 't': 672}, {'x': 608, 'y': 154, 't': 689}, {'x': 602, 'y': 155, 't': 705}, {'x': 598, 'y': 156, 't': 722}, {'x': 594, 'y': 159, 't': 738}, {'x': 590, 'y': 161, 't': 755}, {'x': 587, 'y': 163, 't': 772}, {'x': 583, 'y': 167, 't': 789}, {'x': 580, 'y': 170, 't': 805}, {'x': 576, 'y': 175, 't': 822}, {'x': 571, 'y': 179, 't': 839}, {'x': 568, 'y': 186, 't': 855}, {'x': 563, 'y': 191, 't': 872}, {'x': 557, 'y': 196, 't': 888}, {'x': 555, 'y': 200, 't': 905}, {'x': 550, 'y': 203, 't': 922}, {'x': 548, 'y': 206, 't': 939}, {'x': 545, 'y': 208, 't': 955}, {'x': 542, 'y': 212, 't': 972}, {'x': 540, 'y': 215, 't': 989}, {'x': 538, 'y': 220, 't': 1006}, {'x': 536, 'y': 226, 't': 1022}, {'x': 532, 'y': 231, 't': 1039}, {'x': 529, 'y': 238, 't': 1055}, {'x': 526, 'y': 242, 't': 1072}, {'x': 524, 'y': 245, 't': 1089}, {'x': 524, 'y': 246, 't': 1105}]",1,"[{'x': 524, 'y': 246}]",[83],[1584],609.6381179349291,268.23677008385306,contentment_20240512115156758385_graph.png
110524180423,awe,21,Male,Student,Beginner,excitement,excitement_00005.jpg,Yes,2196,amusement,"[{'x': 488, 'y': 416, 't': 434}, {'x': 490, 'y': 415, 't': 449}, {'x': 493, 'y': 415, 't': 466}, {'x': 495, 'y': 412, 't': 483}, {'x': 499, 'y': 410, 't': 499}, {'x': 504, 'y': 409, 't': 515}, {'x': 513, 'y': 407, 't': 532}, {'x': 520, 'y': 407, 't': 549}, {'x': 528, 'y': 407, 't': 565}, {'x': 538, 'y': 407, 't': 582}, {'x': 550, 'y': 407, 't': 599}, {'x': 562, 'y': 407, 't': 615}, {'x': 581, 'y': 407, 't': 633}, {'x': 600, 'y': 410, 't': 649}, {'x': 620, 'y': 414, 't': 665}, {'x': 636, 'y': 421, 't': 682}, {'x': 649, 'y': 431, 't': 699}, {'x': 659, 'y': 446, 't': 715}, {'x': 664, 'y': 467, 't': 732}, {'x': 660, 'y': 497, 't': 749}, {'x': 653, 'y': 520, 't': 765}, {'x': 646, 'y': 539, 't': 782}, {'x': 636, 'y': 552, 't': 799}, {'x': 628, 'y': 559, 't': 815}, {'x': 624, 'y': 560, 't': 832}, {'x': 621, 'y': 560, 't': 849}, {'x': 612, 'y': 549, 't': 865}, {'x': 604, 'y': 531, 't': 882}, {'x': 592, 'y': 508, 't': 899}, {'x': 586, 'y': 479, 't': 915}, {'x': 588, 'y': 473, 't': 932}, {'x': 593, 'y': 469, 't': 948}, {'x': 600, 'y': 467, 't': 965}, {'x': 611, 'y': 467, 't': 982}, {'x': 625, 'y': 475, 't': 999}, {'x': 630, 'y': 489, 't': 1016}, {'x': 632, 'y': 500, 't': 1032}, {'x': 630, 'y': 509, 't': 1049}, {'x': 626, 'y': 514, 't': 1065}, {'x': 621, 'y': 515, 't': 1082}, {'x': 614, 'y': 515, 't': 1099}, {'x': 597, 'y': 508, 't': 1115}, {'x': 580, 'y': 491, 't': 1132}, {'x': 547, 'y': 439, 't': 1149}, {'x': 532, 'y': 408, 't': 1165}, {'x': 529, 'y': 393, 't': 1182}, {'x': 529, 'y': 385, 't': 1199}, {'x': 532, 'y': 380, 't': 1216}, {'x': 534, 'y': 375, 't': 1232}, {'x': 536, 'y': 369, 't': 1249}, {'x': 538, 'y': 360, 't': 1265}, {'x': 539, 'y': 354, 't': 1282}, {'x': 540, 'y': 347, 't': 1299}, {'x': 540, 'y': 343, 't': 1315}, {'x': 540, 'y': 341, 't': 1332}, {'x': 540, 'y': 336, 't': 1349}, {'x': 540, 'y': 331, 't': 1365}, {'x': 540, 'y': 323, 't': 1382}, {'x': 541, 'y': 315, 't': 1399}, {'x': 542, 'y': 311, 't': 1415}, {'x': 543, 'y': 308, 't': 1432}, {'x': 544, 'y': 306, 't': 1449}, {'x': 544, 'y': 304, 't': 1466}, {'x': 544, 'y': 302, 't': 1483}, {'x': 544, 'y': 299, 't': 1499}, {'x': 545, 'y': 296, 't': 1515}, {'x': 546, 'y': 294, 't': 1532}, {'x': 546, 'y': 293, 't': 1549}, {'x': 546, 'y': 291, 't': 1668}, {'x': 546, 'y': 286, 't': 1682}, {'x': 546, 'y': 279, 't': 1699}, {'x': 546, 'y': 275, 't': 1715}, {'x': 546, 'y': 271, 't': 1732}, {'x': 546, 'y': 270, 't': 1844}, {'x': 546, 'y': 269, 't': 1852}, {'x': 546, 'y': 268, 't': 1866}, {'x': 545, 'y': 267, 't': 1882}, {'x': 545, 'y': 266, 't': 1932}, {'x': 544, 'y': 264, 't': 2020}, {'x': 543, 'y': 262, 't': 2032}, {'x': 540, 'y': 256, 't': 2049}, {'x': 540, 'y': 255, 't': 2065}]",1,"[{'x': 540, 'y': 255}]",[73],[2196],366.1480483211455,77.04428194758029,excitement_20240512120101202041_graph.png
110524180423,awe,21,Male,Student,Beginner,fear,"<iframe width=""700"" height=""450"" src=""https://www.youtube.com/embed/gbWE47w2oLE?si=QUj_WuoXZ3nDE-N2&amp;controls=0"" title=""YouTube video player"" frameborder=""0"" allow=""accelerometer; autoplay; clipboard-write; encrypted-media; gyroscope; picture-in-picture; web-share"" allowfullscreen></iframe>",Yes,3197,awe,"[{'x': 465, 'y': 433, 't': 5}, {'x': 466, 'y': 434, 't': 5}, {'x': 467, 'y': 434, 't': 237}, {'x': 468, 'y': 433, 't': 269}, {'x': 471, 'y': 431, 't': 286}, {'x': 473, 'y': 431, 't': 302}, {'x': 476, 'y': 429, 't': 319}, {'x': 478, 'y': 427, 't': 336}, {'x': 479, 'y': 427, 't': 352}, {'x': 484, 'y': 423, 't': 369}, {'x': 487, 'y': 419, 't': 386}, {'x': 491, 'y': 415, 't': 402}, {'x': 493, 'y': 414, 't': 419}, {'x': 498, 'y': 409, 't': 436}, {'x': 502, 'y': 405, 't': 469}, {'x': 504, 'y': 403, 't': 487}, {'x': 508, 'y': 398, 't': 502}, {'x': 516, 'y': 387, 't': 519}, {'x': 520, 'y': 381, 't': 536}, {'x': 524, 'y': 376, 't': 552}, {'x': 525, 'y': 374, 't': 569}, {'x': 527, 'y': 370, 't': 586}, {'x': 529, 'y': 367, 't': 602}, {'x': 531, 'y': 364, 't': 619}, {'x': 533, 'y': 360, 't': 636}, {'x': 535, 'y': 356, 't': 652}, {'x': 539, 'y': 351, 't': 669}, {'x': 540, 'y': 347, 't': 686}, {'x': 541, 'y': 346, 't': 702}, {'x': 542, 'y': 345, 't': 719}, {'x': 542, 'y': 344, 't': 736}, {'x': 542, 'y': 343, 't': 752}, {'x': 543, 'y': 343, 't': 786}, {'x': 543, 'y': 342, 't': 803}, {'x': 544, 'y': 341, 't': 819}, {'x': 545, 'y': 339, 't': 836}, {'x': 547, 'y': 337, 't': 852}, {'x': 548, 'y': 335, 't': 869}, {'x': 550, 'y': 333, 't': 886}, {'x': 552, 'y': 332, 't': 902}, {'x': 552, 'y': 331, 't': 919}, {'x': 552, 'y': 330, 't': 953}, {'x': 553, 'y': 330, 't': 969}, {'x': 554, 'y': 329, 't': 1003}, {'x': 555, 'y': 328, 't': 1019}, {'x': 556, 'y': 327, 't': 1036}, {'x': 558, 'y': 325, 't': 1052}, {'x': 560, 'y': 319, 't': 1069}, {'x': 561, 'y': 317, 't': 1086}, {'x': 562, 'y': 315, 't': 1103}, {'x': 562, 'y': 314, 't': 1119}, {'x': 563, 'y': 309, 't': 1136}, {'x': 563, 'y': 303, 't': 1152}, {'x': 563, 'y': 294, 't': 1169}, {'x': 560, 'y': 285, 't': 1186}, {'x': 556, 'y': 279, 't': 1203}, {'x': 555, 'y': 275, 't': 1219}, {'x': 552, 'y': 272, 't': 1235}, {'x': 552, 'y': 269, 't': 1252}, {'x': 550, 'y': 265, 't': 1269}, {'x': 550, 'y': 263, 't': 1286}, {'x': 550, 'y': 262, 't': 1302}, {'x': 549, 'y': 260, 't': 1319}, {'x': 549, 'y': 259, 't': 1353}]",1,"[{'x': 549, 'y': 259}]",[71],[3196],68.83808116625922,60.436317252816835,fear_20240512120107283966_graph.png
110524180423,awe,21,Male,Student,Beginner,awe,awe_00001.jpg,Yes,4538,contentment,"[{'x': 476, 'y': 442, 't': 12}, {'x': 477, 'y': 442, 't': 329}, {'x': 490, 'y': 442, 't': 345}, {'x': 496, 'y': 441, 't': 362}, {'x': 502, 'y': 439, 't': 379}, {'x': 508, 'y': 436, 't': 395}, {'x': 514, 'y': 432, 't': 412}, {'x': 522, 'y': 427, 't': 429}, {'x': 529, 'y': 421, 't': 446}, {'x': 534, 'y': 416, 't': 462}, {'x': 539, 'y': 413, 't': 479}, {'x': 543, 'y': 410, 't': 495}, {'x': 546, 'y': 407, 't': 512}, {'x': 552, 'y': 404, 't': 529}, {'x': 559, 'y': 399, 't': 545}, {'x': 572, 'y': 393, 't': 562}, {'x': 580, 'y': 393, 't': 579}, {'x': 591, 'y': 394, 't': 596}, {'x': 599, 'y': 399, 't': 612}, {'x': 606, 'y': 409, 't': 629}, {'x': 610, 'y': 423, 't': 646}, {'x': 611, 'y': 439, 't': 662}, {'x': 601, 'y': 457, 't': 679}, {'x': 584, 'y': 470, 't': 696}, {'x': 570, 'y': 475, 't': 712}, {'x': 557, 'y': 477, 't': 729}, {'x': 550, 'y': 477, 't': 745}, {'x': 542, 'y': 468, 't': 762}, {'x': 536, 'y': 453, 't': 779}, {'x': 535, 'y': 436, 't': 796}, {'x': 535, 'y': 417, 't': 812}, {'x': 538, 'y': 409, 't': 828}, {'x': 543, 'y': 403, 't': 845}, {'x': 548, 'y': 402, 't': 862}, {'x': 552, 'y': 402, 't': 879}, {'x': 560, 'y': 407, 't': 896}, {'x': 567, 'y': 419, 't': 912}, {'x': 568, 'y': 430, 't': 929}, {'x': 568, 'y': 436, 't': 945}, {'x': 566, 'y': 439, 't': 962}, {'x': 562, 'y': 440, 't': 979}, {'x': 559, 'y': 439, 't': 996}, {'x': 550, 'y': 425, 't': 1012}, {'x': 539, 'y': 404, 't': 1029}, {'x': 525, 'y': 376, 't': 1046}, {'x': 514, 'y': 351, 't': 1062}, {'x': 512, 'y': 336, 't': 1078}, {'x': 512, 'y': 327, 't': 1096}, {'x': 512, 'y': 322, 't': 1112}, {'x': 515, 'y': 317, 't': 1129}, {'x': 517, 'y': 313, 't': 1145}, {'x': 520, 'y': 301, 't': 1162}, {'x': 521, 'y': 287, 't': 1179}, {'x': 522, 'y': 283, 't': 1196}, {'x': 523, 'y': 280, 't': 1212}, {'x': 524, 'y': 279, 't': 1229}, {'x': 524, 'y': 277, 't': 1263}, {'x': 524, 'y': 275, 't': 1279}, {'x': 525, 'y': 272, 't': 1312}, {'x': 525, 'y': 271, 't': 1329}, {'x': 525, 'y': 270, 't': 1345}, {'x': 525, 'y': 267, 't': 1362}, {'x': 525, 'y': 262, 't': 1379}, {'x': 526, 'y': 258, 't': 1395}, {'x': 526, 'y': 253, 't': 1412}, {'x': 526, 'y': 252, 't': 1596}, {'x': 526, 'y': 251, 't': 1612}, {'x': 526, 'y': 249, 't': 1629}]",1,"[{'x': 526, 'y': 249}]",[92],[4537],133.04931352207623,43.933784157929296,awe_20240512120115197780_graph.png
110524180423,awe,21,Male,Student,Beginner,awe,awe_00006.jpg,Yes,4033,awe,"[{'x': 538, 'y': 619, 't': 37}, {'x': 587, 'y': 597, 't': 603}, {'x': 590, 'y': 594, 't': 679}, {'x': 592, 'y': 590, 't': 698}, {'x': 625, 'y': 538, 't': 747}, {'x': 638, 'y': 515, 't': 774}, {'x': 644, 'y': 507, 't': 789}, {'x': 648, 'y': 501, 't': 797}, {'x': 656, 'y': 487, 't': 814}, {'x': 664, 'y': 475, 't': 831}, {'x': 678, 'y': 457, 't': 847}, {'x': 688, 'y': 443, 't': 863}, {'x': 696, 'y': 434, 't': 880}, {'x': 702, 'y': 427, 't': 896}, {'x': 706, 'y': 423, 't': 914}, {'x': 707, 'y': 419, 't': 930}, {'x': 710, 'y': 418, 't': 946}, {'x': 713, 'y': 414, 't': 963}, {'x': 716, 'y': 410, 't': 980}, {'x': 720, 'y': 407, 't': 997}, {'x': 724, 'y': 403, 't': 1030}, {'x': 728, 'y': 399, 't': 1047}, {'x': 729, 'y': 398, 't': 1063}, {'x': 732, 'y': 396, 't': 1080}, {'x': 732, 'y': 395, 't': 1096}, {'x': 733, 'y': 395, 't': 1113}, {'x': 734, 'y': 395, 't': 1180}, {'x': 733, 'y': 390, 't': 1213}, {'x': 729, 'y': 384, 't': 1231}, {'x': 720, 'y': 375, 't': 1246}, {'x': 705, 'y': 365, 't': 1264}, {'x': 685, 'y': 355, 't': 1280}, {'x': 664, 'y': 339, 't': 1296}, {'x': 640, 'y': 322, 't': 1313}, {'x': 624, 'y': 308, 't': 1330}, {'x': 606, 'y': 293, 't': 1346}, {'x': 599, 'y': 286, 't': 1363}, {'x': 596, 'y': 281, 't': 1380}, {'x': 592, 'y': 275, 't': 1396}, {'x': 588, 'y': 266, 't': 1421}, {'x': 587, 'y': 263, 't': 1430}, {'x': 583, 'y': 253, 't': 1449}, {'x': 579, 'y': 245, 't': 1463}, {'x': 574, 'y': 237, 't': 1481}, {'x': 571, 'y': 232, 't': 1498}, {'x': 570, 'y': 229, 't': 1513}, {'x': 570, 'y': 228, 't': 1547}, {'x': 567, 'y': 228, 't': 1646}, {'x': 565, 'y': 228, 't': 1664}, {'x': 564, 'y': 228, 't': 1680}, {'x': 556, 'y': 222, 't': 1696}, {'x': 548, 'y': 214, 't': 1714}, {'x': 543, 'y': 207, 't': 1730}, {'x': 539, 'y': 203, 't': 1746}, {'x': 538, 'y': 202, 't': 1763}, {'x': 536, 'y': 199, 't': 1780}, {'x': 536, 'y': 198, 't': 1797}, {'x': 532, 'y': 195, 't': 1813}, {'x': 527, 'y': 190, 't': 1829}, {'x': 521, 'y': 186, 't': 1846}, {'x': 515, 'y': 183, 't': 1863}, {'x': 504, 'y': 178, 't': 1880}, {'x': 493, 'y': 173, 't': 1897}, {'x': 472, 'y': 164, 't': 1913}, {'x': 455, 'y': 156, 't': 1930}, {'x': 436, 'y': 143, 't': 1947}, {'x': 408, 'y': 131, 't': 1963}, {'x': 392, 'y': 123, 't': 1979}, {'x': 379, 'y': 116, 't': 1996}, {'x': 368, 'y': 113, 't': 2013}, {'x': 360, 'y': 110, 't': 2030}, {'x': 356, 'y': 108, 't': 2047}, {'x': 354, 'y': 108, 't': 2063}, {'x': 353, 'y': 108, 't': 2080}, {'x': 353, 'y': 109, 't': 2117}, {'x': 352, 'y': 109, 't': 2129}, {'x': 352, 'y': 110, 't': 2147}, {'x': 351, 'y': 111, 't': 2162}, {'x': 349, 'y': 114, 't': 2178}, {'x': 348, 'y': 121, 't': 2195}, {'x': 347, 'y': 127, 't': 2212}, {'x': 347, 'y': 135, 't': 2228}, {'x': 347, 'y': 142, 't': 2245}, {'x': 347, 'y': 146, 't': 2262}, {'x': 347, 'y': 151, 't': 2278}, {'x': 347, 'y': 155, 't': 2295}, {'x': 347, 'y': 162, 't': 2312}, {'x': 348, 'y': 167, 't': 2328}, {'x': 351, 'y': 175, 't': 2345}, {'x': 356, 'y': 187, 't': 2362}, {'x': 358, 'y': 196, 't': 2378}, {'x': 360, 'y': 203, 't': 2395}, {'x': 363, 'y': 208, 't': 2411}, {'x': 366, 'y': 213, 't': 2428}, {'x': 370, 'y': 216, 't': 2445}, {'x': 374, 'y': 219, 't': 2461}, {'x': 381, 'y': 220, 't': 2479}, {'x': 387, 'y': 220, 't': 2496}, {'x': 395, 'y': 220, 't': 2512}, {'x': 403, 'y': 220, 't': 2528}, {'x': 415, 'y': 220, 't': 2545}, {'x': 430, 'y': 222, 't': 2562}, {'x': 439, 'y': 222, 't': 2579}, {'x': 463, 'y': 222, 't': 2595}, {'x': 480, 'y': 221, 't': 2612}, {'x': 488, 'y': 219, 't': 2629}, {'x': 492, 'y': 218, 't': 2645}, {'x': 496, 'y': 215, 't': 2662}, {'x': 498, 'y': 213, 't': 2695}, {'x': 499, 'y': 212, 't': 2712}, {'x': 500, 'y': 211, 't': 2728}, {'x': 501, 'y': 209, 't': 2745}, {'x': 501, 'y': 208, 't': 2761}, {'x': 503, 'y': 207, 't': 2778}, {'x': 504, 'y': 208, 't': 3409}, {'x': 504, 'y': 210, 't': 4012}]",1,"[{'x': 504, 'y': 208}]",[36],[4033],262.7882967352672,101.76314650116393,awe_20240512125907721390_graph.png
110524180423,awe,21,Male,Student,Beginner,anger,"<iframe width=""700"" height=""450"" src=""https://www.youtube.com/embed/guVlUIt-eP4?si=ThXOTkgF7BjIoLul&amp;controls=0"" title=""YouTube video player"" frameborder=""0"" allow=""accelerometer; autoplay; clipboard-write; encrypted-media; gyroscope; picture-in-picture; web-share"" allowfullscreen></iframe>",Yes,1610,awe,"[{'x': 464, 'y': 399, 't': 74}, {'x': 467, 'y': 399, 't': 90}, {'x': 468, 'y': 399, 't': 107}, {'x': 471, 'y': 398, 't': 124}, {'x': 474, 'y': 398, 't': 141}, {'x': 475, 'y': 398, 't': 157}, {'x': 477, 'y': 398, 't': 174}, {'x': 480, 'y': 398, 't': 190}, {'x': 484, 'y': 398, 't': 207}, {'x': 489, 'y': 399, 't': 225}, {'x': 493, 'y': 399, 't': 241}, {'x': 497, 'y': 400, 't': 257}, {'x': 502, 'y': 402, 't': 274}, {'x': 508, 'y': 403, 't': 290}, {'x': 517, 'y': 406, 't': 307}, {'x': 521, 'y': 409, 't': 323}, {'x': 524, 'y': 411, 't': 340}, {'x': 526, 'y': 413, 't': 357}, {'x': 529, 'y': 415, 't': 374}, {'x': 532, 'y': 415, 't': 390}, {'x': 534, 'y': 415, 't': 407}, {'x': 536, 'y': 415, 't': 423}, {'x': 538, 'y': 415, 't': 440}, {'x': 540, 'y': 415, 't': 457}, {'x': 541, 'y': 415, 't': 490}, {'x': 542, 'y': 415, 't': 507}, {'x': 543, 'y': 415, 't': 541}, {'x': 544, 'y': 415, 't': 573}, {'x': 545, 'y': 414, 't': 706}, {'x': 545, 'y': 412, 't': 1107}, {'x': 544, 'y': 403, 't': 1124}, {'x': 541, 'y': 382, 't': 1140}, {'x': 537, 'y': 361, 't': 1157}, {'x': 534, 'y': 346, 't': 1174}, {'x': 531, 'y': 327, 't': 1190}, {'x': 526, 'y': 309, 't': 1207}, {'x': 523, 'y': 298, 't': 1224}, {'x': 520, 'y': 285, 't': 1240}, {'x': 517, 'y': 274, 't': 1257}, {'x': 516, 'y': 263, 't': 1273}, {'x': 512, 'y': 254, 't': 1290}, {'x': 511, 'y': 248, 't': 1308}, {'x': 508, 'y': 241, 't': 1323}, {'x': 506, 'y': 236, 't': 1341}, {'x': 505, 'y': 235, 't': 1357}, {'x': 504, 'y': 233, 't': 1374}, {'x': 504, 'y': 231, 't': 1390}, {'x': 504, 'y': 230, 't': 1407}, {'x': 502, 'y': 228, 't': 1424}, {'x': 501, 'y': 227, 't': 1440}, {'x': 501, 'y': 226, 't': 1457}, {'x': 500, 'y': 226, 't': 1473}]",1,"[{'x': 500, 'y': 226}]",[78],[1609],174.9497214941802,109.7552611619397,anger_20240512125912398705_graph.png
110524180423,awe,21,Male,Student,Beginner,contentment,contentment_00001.jpg,Yes,1551,awe,"[{'x': 450, 'y': 406, 't': 7}, {'x': 452, 'y': 406, 't': 157}, {'x': 454, 'y': 405, 't': 192}, {'x': 457, 'y': 404, 't': 208}, {'x': 460, 'y': 403, 't': 225}, {'x': 464, 'y': 402, 't': 241}, {'x': 467, 'y': 401, 't': 257}, {'x': 469, 'y': 400, 't': 274}, {'x': 472, 'y': 399, 't': 291}, {'x': 473, 'y': 399, 't': 308}, {'x': 475, 'y': 398, 't': 324}, {'x': 477, 'y': 396, 't': 341}, {'x': 480, 'y': 395, 't': 358}, {'x': 484, 'y': 395, 't': 375}, {'x': 489, 'y': 395, 't': 392}, {'x': 490, 'y': 395, 't': 407}, {'x': 493, 'y': 395, 't': 424}, {'x': 496, 'y': 395, 't': 440}, {'x': 500, 'y': 395, 't': 457}, {'x': 503, 'y': 395, 't': 474}, {'x': 504, 'y': 395, 't': 490}, {'x': 508, 'y': 396, 't': 507}, {'x': 508, 'y': 397, 't': 524}, {'x': 509, 'y': 397, 't': 541}, {'x': 510, 'y': 397, 't': 574}, {'x': 511, 'y': 397, 't': 590}, {'x': 512, 'y': 397, 't': 607}, {'x': 512, 'y': 396, 't': 841}, {'x': 512, 'y': 389, 't': 857}, {'x': 512, 'y': 388, 't': 874}, {'x': 512, 'y': 387, 't': 890}, {'x': 512, 'y': 386, 't': 924}, {'x': 512, 'y': 385, 't': 940}, {'x': 512, 'y': 383, 't': 957}, {'x': 512, 'y': 379, 't': 974}, {'x': 512, 'y': 370, 't': 990}, {'x': 512, 'y': 357, 't': 1007}, {'x': 512, 'y': 339, 't': 1024}, {'x': 508, 'y': 319, 't': 1041}, {'x': 505, 'y': 311, 't': 1057}, {'x': 504, 'y': 307, 't': 1074}, {'x': 503, 'y': 304, 't': 1091}, {'x': 502, 'y': 304, 't': 1107}, {'x': 502, 'y': 303, 't': 1124}, {'x': 501, 'y': 302, 't': 1140}, {'x': 500, 'y': 298, 't': 1157}, {'x': 500, 'y': 294, 't': 1174}, {'x': 498, 'y': 288, 't': 1191}, {'x': 497, 'y': 282, 't': 1207}, {'x': 496, 'y': 277, 't': 1224}, {'x': 496, 'y': 271, 't': 1240}, {'x': 495, 'y': 267, 't': 1257}, {'x': 495, 'y': 265, 't': 1274}, {'x': 495, 'y': 264, 't': 1291}, {'x': 494, 'y': 261, 't': 1307}, {'x': 493, 'y': 255, 't': 1324}, {'x': 492, 'y': 248, 't': 1341}, {'x': 491, 'y': 245, 't': 1357}, {'x': 490, 'y': 241, 't': 1374}, {'x': 490, 'y': 237, 't': 1391}, {'x': 490, 'y': 235, 't': 1407}, {'x': 490, 'y': 231, 't': 1424}, {'x': 490, 'y': 229, 't': 1440}, {'x': 490, 'y': 227, 't': 1457}]",1,"[{'x': 490, 'y': 227}]",[77],[1550],154.4732102906201,118.25585452671703,contentment_20240512125916895252_graph.png
110524180423,awe,21,Male,Student,Beginner,contentment,contentment_00002.jpg,Yes,2044,amusement,"[{'x': 740, 'y': 603, 't': 280}, {'x': 717, 'y': 581, 't': 297}, {'x': 692, 'y': 541, 't': 313}, {'x': 667, 'y': 491, 't': 330}, {'x': 654, 'y': 452, 't': 346}, {'x': 654, 'y': 435, 't': 363}, {'x': 662, 'y': 427, 't': 380}, {'x': 672, 'y': 420, 't': 397}, {'x': 690, 'y': 424, 't': 413}, {'x': 708, 'y': 436, 't': 430}, {'x': 755, 'y': 503, 't': 446}, {'x': 772, 'y': 571, 't': 463}, {'x': 772, 'y': 618, 't': 480}, {'x': 752, 'y': 651, 't': 496}, {'x': 733, 'y': 668, 't': 513}, {'x': 713, 'y': 675, 't': 530}, {'x': 684, 'y': 671, 't': 546}, {'x': 657, 'y': 651, 't': 563}, {'x': 622, 'y': 603, 't': 580}, {'x': 588, 'y': 547, 't': 596}, {'x': 570, 'y': 483, 't': 613}, {'x': 569, 'y': 454, 't': 630}, {'x': 591, 'y': 427, 't': 646}, {'x': 607, 'y': 417, 't': 663}, {'x': 620, 'y': 416, 't': 680}, {'x': 624, 'y': 419, 't': 696}, {'x': 624, 'y': 429, 't': 713}, {'x': 621, 'y': 439, 't': 730}, {'x': 613, 'y': 446, 't': 746}, {'x': 607, 'y': 448, 't': 763}, {'x': 600, 'y': 448, 't': 780}, {'x': 594, 'y': 445, 't': 796}, {'x': 581, 'y': 431, 't': 813}, {'x': 562, 'y': 408, 't': 830}, {'x': 531, 'y': 367, 't': 846}, {'x': 508, 'y': 335, 't': 863}, {'x': 496, 'y': 315, 't': 879}, {'x': 489, 'y': 301, 't': 896}, {'x': 488, 'y': 291, 't': 913}, {'x': 487, 'y': 282, 't': 929}, {'x': 487, 'y': 275, 't': 946}, {'x': 487, 'y': 270, 't': 963}, {'x': 487, 'y': 265, 't': 980}, {'x': 487, 'y': 262, 't': 996}, {'x': 487, 'y': 259, 't': 1014}, {'x': 486, 'y': 255, 't': 1029}, {'x': 484, 'y': 251, 't': 1046}, {'x': 484, 'y': 249, 't': 1063}, {'x': 484, 'y': 248, 't': 1135}, {'x': 481, 'y': 235, 't': 1150}, {'x': 480, 'y': 232, 't': 1164}, {'x': 480, 'y': 228, 't': 1180}, {'x': 479, 'y': 225, 't': 1197}, {'x': 478, 'y': 222, 't': 1213}, {'x': 478, 'y': 221, 't': 1229}]",1,"[{'x': 478, 'y': 221}]",[78],[2044],590.6024965825552,226.62174802202878,contentment_20240512131156868911_graph.png
110524180423,awe,21,Male,Student,Beginner,anger,"<iframe width=""700"" height=""450"" src=""https://www.youtube.com/embed/guVlUIt-eP4?si=ThXOTkgF7BjIoLul&amp;controls=0"" title=""YouTube video player"" frameborder=""0"" allow=""accelerometer; autoplay; clipboard-write; encrypted-media; gyroscope; picture-in-picture; web-share"" allowfullscreen></iframe>",Yes,2594,excitement,"[{'x': 520, 'y': 403, 't': 588}, {'x': 529, 'y': 405, 't': 602}, {'x': 535, 'y': 405, 't': 620}, {'x': 539, 'y': 405, 't': 638}, {'x': 540, 'y': 405, 't': 654}, {'x': 552, 'y': 406, 't': 875}, {'x': 557, 'y': 406, 't': 891}, {'x': 561, 'y': 406, 't': 903}, {'x': 568, 'y': 406, 't': 1037}, {'x': 581, 'y': 405, 't': 1054}, {'x': 586, 'y': 401, 't': 1074}, {'x': 588, 'y': 395, 't': 1090}, {'x': 591, 'y': 382, 't': 1111}, {'x': 591, 'y': 367, 't': 1125}, {'x': 588, 'y': 348, 't': 1143}, {'x': 583, 'y': 331, 't': 1157}, {'x': 578, 'y': 317, 't': 1171}, {'x': 572, 'y': 308, 't': 1188}, {'x': 570, 'y': 303, 't': 1207}, {'x': 570, 'y': 302, 't': 1220}, {'x': 568, 'y': 299, 't': 1237}, {'x': 568, 'y': 298, 't': 1255}, {'x': 553, 'y': 280, 't': 1281}, {'x': 548, 'y': 275, 't': 1290}, {'x': 541, 'y': 265, 't': 1309}, {'x': 536, 'y': 255, 't': 1325}, {'x': 533, 'y': 250, 't': 1337}, {'x': 528, 'y': 240, 't': 1354}, {'x': 525, 'y': 231, 't': 1375}, {'x': 522, 'y': 224, 't': 1391}, {'x': 521, 'y': 223, 't': 1404}, {'x': 521, 'y': 222, 't': 1421}]",1,"[{'x': 521, 'y': 222}]",[110],[2594],102.70415539974577,69.777472016137,anger_20240512131203439133_graph.png
110524180423,awe,21,Male,Student,Beginner,contentment,contentment_00001.jpg,Yes,3508,excitement,"[{'x': 456, 'y': 408, 't': 9}, {'x': 474, 'y': 415, 't': 173}, {'x': 498, 'y': 419, 't': 189}, {'x': 507, 'y': 421, 't': 208}, {'x': 518, 'y': 422, 't': 223}, {'x': 532, 'y': 423, 't': 240}, {'x': 546, 'y': 423, 't': 257}, {'x': 562, 'y': 423, 't': 274}, {'x': 575, 'y': 423, 't': 290}, {'x': 584, 'y': 423, 't': 306}, {'x': 590, 'y': 423, 't': 323}, {'x': 595, 'y': 423, 't': 340}, {'x': 600, 'y': 423, 't': 356}, {'x': 604, 'y': 423, 't': 373}, {'x': 608, 'y': 423, 't': 390}, {'x': 613, 'y': 423, 't': 406}, {'x': 618, 'y': 423, 't': 423}, {'x': 619, 'y': 422, 't': 440}, {'x': 621, 'y': 420, 't': 456}, {'x': 622, 'y': 419, 't': 490}, {'x': 623, 'y': 416, 't': 507}, {'x': 624, 'y': 414, 't': 523}, {'x': 624, 'y': 411, 't': 540}, {'x': 625, 'y': 410, 't': 557}, {'x': 625, 'y': 409, 't': 573}, {'x': 626, 'y': 409, 't': 590}, {'x': 628, 'y': 410, 't': 740}, {'x': 629, 'y': 411, 't': 756}, {'x': 632, 'y': 415, 't': 773}, {'x': 634, 'y': 417, 't': 790}, {'x': 636, 'y': 420, 't': 806}, {'x': 637, 'y': 423, 't': 823}, {'x': 638, 'y': 423, 't': 890}, {'x': 640, 'y': 422, 't': 1056}, {'x': 641, 'y': 420, 't': 1073}, {'x': 642, 'y': 420, 't': 1089}, {'x': 642, 'y': 419, 't': 1107}, {'x': 642, 'y': 424, 't': 1223}, {'x': 642, 'y': 428, 't': 1240}, {'x': 642, 'y': 431, 't': 1256}, {'x': 642, 'y': 429, 't': 1595}, {'x': 642, 'y': 427, 't': 1610}, {'x': 642, 'y': 423, 't': 1623}, {'x': 642, 'y': 421, 't': 1640}, {'x': 632, 'y': 402, 't': 1656}, {'x': 620, 'y': 386, 't': 1673}, {'x': 609, 'y': 372, 't': 1689}, {'x': 597, 'y': 360, 't': 1706}, {'x': 593, 'y': 356, 't': 1723}, {'x': 588, 'y': 351, 't': 1740}, {'x': 584, 'y': 347, 't': 1757}, {'x': 581, 'y': 343, 't': 1773}, {'x': 576, 'y': 337, 't': 1789}, {'x': 568, 'y': 329, 't': 1806}, {'x': 562, 'y': 325, 't': 1822}, {'x': 557, 'y': 321, 't': 1840}, {'x': 554, 'y': 318, 't': 1856}, {'x': 553, 'y': 317, 't': 1873}, {'x': 552, 'y': 315, 't': 1890}, {'x': 548, 'y': 312, 't': 1906}, {'x': 547, 'y': 311, 't': 1923}, {'x': 544, 'y': 306, 't': 1939}, {'x': 540, 'y': 303, 't': 1956}, {'x': 536, 'y': 296, 't': 1973}, {'x': 534, 'y': 294, 't': 1999}, {'x': 534, 'y': 292, 't': 2014}, {'x': 532, 'y': 289, 't': 2022}, {'x': 531, 'y': 285, 't': 2039}, {'x': 528, 'y': 279, 't': 2056}, {'x': 526, 'y': 275, 't': 2074}, {'x': 525, 'y': 274, 't': 2091}, {'x': 525, 'y': 272, 't': 2106}, {'x': 524, 'y': 271, 't': 2123}, {'x': 524, 'y': 270, 't': 2684}, {'x': 524, 'y': 268, 't': 2699}, {'x': 524, 'y': 267, 't': 2707}, {'x': 524, 'y': 265, 't': 2727}, {'x': 524, 'y': 263, 't': 2743}, {'x': 524, 'y': 262, 't': 2756}, {'x': 524, 'y': 261, 't': 2773}, {'x': 524, 'y': 259, 't': 2790}, {'x': 524, 'y': 258, 't': 2806}]",1,"[{'x': 524, 'y': 258}]",[42],[3508],124.36375262982168,46.94802024182481,contentment_20240512131218344689_graph.png
110524180423,awe,21,Male,Student,Beginner,disgust,"<iframe width=""700"" height=""450"" src=""https://www.youtube.com/embed/yekWI59YWTg?si=rFBYReNokzbpMk9K&amp;controls=0"" title=""YouTube video player"" frameborder=""0"" allow=""accelerometer; autoplay; clipboard-write; encrypted-media; gyroscope; picture-in-picture; web-share"" allowfullscreen></iframe>",No,2116,awe,"[{'x': 515, 'y': 396, 't': 13}, {'x': 523, 'y': 395, 't': 196}, {'x': 525, 'y': 395, 't': 213}, {'x': 528, 'y': 394, 't': 229}, {'x': 531, 'y': 394, 't': 246}, {'x': 535, 'y': 393, 't': 263}, {'x': 539, 'y': 392, 't': 280}, {'x': 543, 'y': 391, 't': 296}, {'x': 546, 'y': 391, 't': 313}, {'x': 548, 'y': 390, 't': 329}, {'x': 552, 'y': 387, 't': 346}, {'x': 557, 'y': 386, 't': 363}, {'x': 565, 'y': 383, 't': 379}, {'x': 568, 'y': 383, 't': 396}, {'x': 574, 'y': 382, 't': 413}, {'x': 577, 'y': 381, 't': 429}, {'x': 580, 'y': 380, 't': 446}, {'x': 582, 'y': 379, 't': 463}, {'x': 586, 'y': 379, 't': 480}, {'x': 592, 'y': 378, 't': 496}, {'x': 596, 'y': 377, 't': 513}, {'x': 599, 'y': 376, 't': 529}, {'x': 600, 'y': 376, 't': 546}, {'x': 599, 'y': 376, 't': 830}, {'x': 595, 'y': 376, 't': 846}, {'x': 588, 'y': 376, 't': 863}, {'x': 584, 'y': 376, 't': 880}, {'x': 580, 'y': 376, 't': 896}, {'x': 574, 'y': 376, 't': 913}, {'x': 569, 'y': 376, 't': 930}, {'x': 557, 'y': 371, 't': 946}, {'x': 540, 'y': 361, 't': 963}, {'x': 523, 'y': 351, 't': 980}, {'x': 504, 'y': 341, 't': 996}, {'x': 485, 'y': 327, 't': 1013}, {'x': 476, 'y': 318, 't': 1029}, {'x': 472, 'y': 311, 't': 1046}, {'x': 469, 'y': 306, 't': 1063}, {'x': 466, 'y': 297, 't': 1080}, {'x': 464, 'y': 292, 't': 1096}, {'x': 464, 'y': 289, 't': 1113}, {'x': 463, 'y': 288, 't': 1129}, {'x': 463, 'y': 287, 't': 1146}, {'x': 462, 'y': 284, 't': 1163}, {'x': 460, 'y': 278, 't': 1179}, {'x': 459, 'y': 263, 't': 1196}, {'x': 458, 'y': 257, 't': 1213}, {'x': 458, 'y': 255, 't': 1229}, {'x': 458, 'y': 251, 't': 1529}, {'x': 460, 'y': 240, 't': 1546}, {'x': 460, 'y': 235, 't': 1563}, {'x': 462, 'y': 232, 't': 1579}, {'x': 478, 'y': 240, 't': 1696}, {'x': 535, 'y': 256, 't': 1713}, {'x': 616, 'y': 267, 't': 1729}, {'x': 725, 'y': 271, 't': 1746}, {'x': 834, 'y': 270, 't': 1762}, {'x': 921, 'y': 257, 't': 1779}, {'x': 979, 'y': 241, 't': 1796}, {'x': 992, 'y': 235, 't': 1813}, {'x': 995, 'y': 231, 't': 1829}, {'x': 997, 'y': 229, 't': 1846}, {'x': 997, 'y': 227, 't': 1863}, {'x': 997, 'y': 225, 't': 1879}, {'x': 998, 'y': 224, 't': 1896}, {'x': 998, 'y': 223, 't': 1913}, {'x': 999, 'y': 222, 't': 1929}, {'x': 1000, 'y': 219, 't': 1946}, {'x': 1004, 'y': 215, 't': 1963}, {'x': 1010, 'y': 211, 't': 1979}, {'x': 1019, 'y': 206, 't': 1996}, {'x': 1021, 'y': 204, 't': 2013}]",2,"[{'x': 458, 'y': 255}, {'x': 1021, 'y': 204}]","[83, 72]","[1376, 2116]",427.4446469187609,255.76671318969392,disgust_20240512131223463106_graph.png
110524180423,awe,21,Male,Student,Beginner,excitement,excitement_00003.jpg,Yes,1253,contentment,"[{'x': 483, 'y': 407, 't': 101}, {'x': 482, 'y': 407, 't': 184}, {'x': 484, 'y': 403, 't': 201}, {'x': 489, 'y': 396, 't': 217}, {'x': 494, 'y': 392, 't': 234}, {'x': 496, 'y': 389, 't': 251}, {'x': 500, 'y': 387, 't': 267}, {'x': 500, 'y': 386, 't': 284}, {'x': 503, 'y': 384, 't': 300}, {'x': 525, 'y': 371, 't': 317}, {'x': 543, 'y': 356, 't': 334}, {'x': 554, 'y': 345, 't': 351}, {'x': 556, 'y': 342, 't': 367}, {'x': 556, 'y': 344, 't': 584}, {'x': 550, 'y': 351, 't': 600}, {'x': 546, 'y': 355, 't': 617}, {'x': 543, 'y': 358, 't': 634}, {'x': 540, 'y': 361, 't': 650}, {'x': 538, 'y': 362, 't': 667}, {'x': 536, 'y': 363, 't': 684}, {'x': 534, 'y': 365, 't': 701}, {'x': 532, 'y': 365, 't': 717}, {'x': 528, 'y': 366, 't': 733}, {'x': 523, 'y': 367, 't': 750}, {'x': 512, 'y': 367, 't': 767}, {'x': 503, 'y': 365, 't': 784}, {'x': 494, 'y': 363, 't': 800}, {'x': 491, 'y': 362, 't': 817}, {'x': 489, 'y': 362, 't': 834}, {'x': 488, 'y': 360, 't': 851}, {'x': 488, 'y': 359, 't': 868}, {'x': 484, 'y': 356, 't': 885}, {'x': 478, 'y': 351, 't': 901}, {'x': 470, 'y': 344, 't': 918}, {'x': 464, 'y': 340, 't': 934}, {'x': 458, 'y': 332, 't': 951}, {'x': 455, 'y': 328, 't': 968}, {'x': 444, 'y': 313, 't': 984}, {'x': 438, 'y': 297, 't': 1000}, {'x': 431, 'y': 278, 't': 1017}, {'x': 424, 'y': 259, 't': 1034}, {'x': 419, 'y': 246, 't': 1050}, {'x': 416, 'y': 237, 't': 1067}, {'x': 415, 'y': 235, 't': 1084}, {'x': 415, 'y': 233, 't': 1101}, {'x': 415, 'y': 232, 't': 1117}]",1,"[{'x': 415, 'y': 232}]",[104],[1253],266.1755183168801,149.83812483486975,excitement_20240512131227422381_graph.png
110524180423,awe,21,Male,Student,Beginner,fear,"<iframe width=""700"" height=""450"" src=""https://www.youtube.com/embed/gbWE47w2oLE?si=QUj_WuoXZ3nDE-N2&amp;controls=0"" title=""YouTube video player"" frameborder=""0"" allow=""accelerometer; autoplay; clipboard-write; encrypted-media; gyroscope; picture-in-picture; web-share"" allowfullscreen></iframe>",No,1363,disgust,"[{'x': 507, 'y': 404, 't': 6}, {'x': 507, 'y': 405, 't': 17}, {'x': 507, 'y': 406, 't': 34}, {'x': 507, 'y': 407, 't': 100}, {'x': 508, 'y': 408, 't': 150}, {'x': 508, 'y': 409, 't': 167}, {'x': 509, 'y': 411, 't': 184}, {'x': 511, 'y': 412, 't': 201}, {'x': 518, 'y': 415, 't': 217}, {'x': 523, 'y': 418, 't': 233}, {'x': 531, 'y': 423, 't': 250}, {'x': 534, 'y': 424, 't': 266}, {'x': 541, 'y': 426, 't': 283}, {'x': 553, 'y': 427, 't': 300}, {'x': 565, 'y': 427, 't': 316}, {'x': 580, 'y': 425, 't': 333}, {'x': 594, 'y': 424, 't': 350}, {'x': 608, 'y': 423, 't': 366}, {'x': 621, 'y': 419, 't': 383}, {'x': 634, 'y': 415, 't': 400}, {'x': 648, 'y': 412, 't': 416}, {'x': 660, 'y': 409, 't': 433}, {'x': 678, 'y': 405, 't': 450}, {'x': 692, 'y': 399, 't': 467}, {'x': 699, 'y': 398, 't': 483}, {'x': 716, 'y': 391, 't': 500}, {'x': 728, 'y': 385, 't': 517}, {'x': 740, 'y': 380, 't': 534}, {'x': 751, 'y': 375, 't': 550}, {'x': 760, 'y': 370, 't': 567}, {'x': 770, 'y': 365, 't': 583}, {'x': 782, 'y': 360, 't': 600}, {'x': 791, 'y': 355, 't': 617}, {'x': 799, 'y': 351, 't': 634}, {'x': 804, 'y': 347, 't': 650}, {'x': 813, 'y': 344, 't': 667}, {'x': 817, 'y': 343, 't': 683}, {'x': 828, 'y': 341, 't': 700}, {'x': 834, 'y': 340, 't': 717}, {'x': 840, 'y': 339, 't': 733}, {'x': 845, 'y': 338, 't': 750}, {'x': 848, 'y': 338, 't': 767}, {'x': 856, 'y': 336, 't': 783}, {'x': 858, 'y': 336, 't': 800}, {'x': 864, 'y': 335, 't': 817}, {'x': 870, 'y': 335, 't': 833}, {'x': 875, 'y': 335, 't': 850}, {'x': 878, 'y': 335, 't': 867}, {'x': 879, 'y': 335, 't': 883}, {'x': 880, 'y': 335, 't': 900}, {'x': 881, 'y': 334, 't': 917}, {'x': 882, 'y': 331, 't': 933}, {'x': 884, 'y': 331, 't': 950}, {'x': 886, 'y': 327, 't': 967}, {'x': 890, 'y': 323, 't': 984}, {'x': 895, 'y': 315, 't': 1001}, {'x': 904, 'y': 307, 't': 1018}, {'x': 911, 'y': 299, 't': 1034}, {'x': 918, 'y': 291, 't': 1051}, {'x': 927, 'y': 283, 't': 1068}, {'x': 934, 'y': 272, 't': 1084}, {'x': 938, 'y': 266, 't': 1101}, {'x': 944, 'y': 258, 't': 1117}, {'x': 946, 'y': 252, 't': 1134}, {'x': 949, 'y': 247, 't': 1151}, {'x': 952, 'y': 242, 't': 1168}, {'x': 953, 'y': 240, 't': 1184}, {'x': 955, 'y': 239, 't': 1201}, {'x': 955, 'y': 238, 't': 1218}, {'x': 955, 'y': 237, 't': 1251}]",1,"[{'x': 955, 'y': 237}]",[86],[1363],385.6676246544492,350.7806332659649,fear_20240512131231371584_graph.png
110524180423,awe,21,Male,Student,Beginner,awe,awe_00004.jpg,Yes,1633,contentment,"[{'x': 521, 'y': 401, 't': 6}, {'x': 527, 'y': 399, 't': 38}, {'x': 532, 'y': 399, 't': 56}, {'x': 539, 'y': 399, 't': 72}, {'x': 544, 'y': 399, 't': 89}, {'x': 548, 'y': 399, 't': 109}, {'x': 551, 'y': 399, 't': 122}, {'x': 553, 'y': 399, 't': 138}, {'x': 557, 'y': 399, 't': 155}, {'x': 576, 'y': 399, 't': 172}, {'x': 582, 'y': 399, 't': 188}, {'x': 597, 'y': 399, 't': 205}, {'x': 612, 'y': 399, 't': 222}, {'x': 621, 'y': 399, 't': 238}, {'x': 622, 'y': 399, 't': 255}, {'x': 622, 'y': 398, 't': 388}, {'x': 620, 'y': 395, 't': 405}, {'x': 616, 'y': 392, 't': 421}, {'x': 612, 'y': 389, 't': 438}, {'x': 608, 'y': 386, 't': 455}, {'x': 604, 'y': 382, 't': 471}, {'x': 600, 'y': 378, 't': 488}, {'x': 596, 'y': 375, 't': 505}, {'x': 593, 'y': 371, 't': 521}, {'x': 591, 'y': 369, 't': 538}, {'x': 588, 'y': 367, 't': 555}, {'x': 588, 'y': 366, 't': 571}, {'x': 587, 'y': 365, 't': 588}, {'x': 585, 'y': 363, 't': 605}, {'x': 584, 'y': 363, 't': 621}, {'x': 583, 'y': 362, 't': 638}, {'x': 583, 'y': 361, 't': 655}, {'x': 582, 'y': 360, 't': 672}, {'x': 581, 'y': 359, 't': 688}, {'x': 580, 'y': 359, 't': 705}, {'x': 579, 'y': 359, 't': 721}, {'x': 579, 'y': 358, 't': 738}, {'x': 578, 'y': 358, 't': 855}, {'x': 573, 'y': 358, 't': 871}, {'x': 571, 'y': 358, 't': 888}, {'x': 569, 'y': 358, 't': 922}, {'x': 566, 'y': 355, 't': 938}, {'x': 562, 'y': 352, 't': 955}, {'x': 550, 'y': 339, 't': 971}, {'x': 535, 'y': 323, 't': 988}, {'x': 522, 'y': 310, 't': 1005}, {'x': 504, 'y': 287, 't': 1021}, {'x': 498, 'y': 276, 't': 1038}, {'x': 496, 'y': 274, 't': 1055}, {'x': 497, 'y': 274, 't': 1421}, {'x': 497, 'y': 268, 't': 1438}, {'x': 497, 'y': 264, 't': 1455}, {'x': 497, 'y': 263, 't': 1471}]",2,"[{'x': 496, 'y': 274}, {'x': 497, 'y': 263}]","[55, 91]","[1165, 1632]",181.8607256727052,85.77551154877222,awe_20240512131236059828_graph.png
110524180423,awe,21,Male,Student,Beginner,sadness,"<iframe width=""700"" height=""450"" src=""https://www.youtube.com/embed/IpNG4ohSUkI?si=Auz1TNKwXXKYEDys&amp;controls=0"" title=""YouTube video player"" frameborder=""0"" allow=""accelerometer; autoplay; clipboard-write; encrypted-media; gyroscope; picture-in-picture; web-share"" allowfullscreen></iframe>",Yes,1654,contentment,"[{'x': 498, 'y': 400, 't': 8}, {'x': 500, 'y': 405, 't': 258}, {'x': 506, 'y': 414, 't': 274}, {'x': 509, 'y': 417, 't': 291}, {'x': 512, 'y': 423, 't': 308}, {'x': 516, 'y': 426, 't': 324}, {'x': 520, 'y': 431, 't': 341}, {'x': 524, 'y': 439, 't': 358}, {'x': 531, 'y': 445, 't': 374}, {'x': 538, 'y': 451, 't': 391}, {'x': 543, 'y': 455, 't': 408}, {'x': 548, 'y': 459, 't': 424}, {'x': 552, 'y': 460, 't': 441}, {'x': 555, 'y': 463, 't': 458}, {'x': 556, 'y': 463, 't': 475}, {'x': 559, 'y': 467, 't': 491}, {'x': 563, 'y': 469, 't': 508}, {'x': 565, 'y': 471, 't': 525}, {'x': 566, 'y': 472, 't': 542}, {'x': 571, 'y': 473, 't': 559}, {'x': 572, 'y': 473, 't': 625}, {'x': 580, 'y': 474, 't': 642}, {'x': 586, 'y': 475, 't': 659}, {'x': 592, 'y': 475, 't': 675}, {'x': 598, 'y': 475, 't': 692}, {'x': 605, 'y': 475, 't': 708}, {'x': 612, 'y': 475, 't': 725}, {'x': 616, 'y': 475, 't': 741}, {'x': 620, 'y': 475, 't': 758}, {'x': 624, 'y': 475, 't': 775}, {'x': 626, 'y': 475, 't': 791}, {'x': 629, 'y': 475, 't': 808}, {'x': 632, 'y': 475, 't': 824}, {'x': 634, 'y': 475, 't': 858}, {'x': 640, 'y': 473, 't': 941}, {'x': 645, 'y': 472, 't': 958}, {'x': 648, 'y': 471, 't': 975}, {'x': 649, 'y': 469, 't': 991}, {'x': 650, 'y': 467, 't': 1008}, {'x': 652, 'y': 464, 't': 1025}, {'x': 654, 'y': 459, 't': 1041}, {'x': 655, 'y': 451, 't': 1058}, {'x': 651, 'y': 423, 't': 1074}, {'x': 643, 'y': 404, 't': 1091}, {'x': 629, 'y': 385, 't': 1108}, {'x': 616, 'y': 376, 't': 1125}, {'x': 602, 'y': 369, 't': 1142}, {'x': 582, 'y': 360, 't': 1159}, {'x': 559, 'y': 346, 't': 1175}, {'x': 541, 'y': 332, 't': 1192}, {'x': 528, 'y': 319, 't': 1208}, {'x': 519, 'y': 307, 't': 1228}, {'x': 512, 'y': 299, 't': 1246}, {'x': 512, 'y': 295, 't': 1259}, {'x': 511, 'y': 294, 't': 1292}, {'x': 511, 'y': 293, 't': 1309}, {'x': 511, 'y': 292, 't': 1325}, {'x': 511, 'y': 291, 't': 1342}, {'x': 510, 'y': 291, 't': 1359}, {'x': 508, 'y': 291, 't': 1375}, {'x': 506, 'y': 287, 't': 1391}, {'x': 503, 'y': 281, 't': 1408}, {'x': 499, 'y': 272, 't': 1425}, {'x': 496, 'y': 262, 't': 1442}, {'x': 496, 'y': 254, 't': 1459}, {'x': 496, 'y': 248, 't': 1475}, {'x': 496, 'y': 247, 't': 1493}, {'x': 496, 'y': 246, 't': 1509}]",1,"[{'x': 496, 'y': 246}]",[77],[1654],293.0502523577093,93.1154694470542,sadness_20240512131240697918_graph.png
110524180423,awe,21,Male,Student,Beginner,disgust,disgust_00004.jpg,Yes,1493,contentment,"[{'x': 736, 'y': 593, 't': 126}, {'x': 737, 'y': 593, 't': 243}, {'x': 744, 'y': 594, 't': 259}, {'x': 750, 'y': 592, 't': 276}, {'x': 753, 'y': 591, 't': 293}, {'x': 758, 'y': 587, 't': 309}, {'x': 763, 'y': 583, 't': 326}, {'x': 767, 'y': 579, 't': 343}, {'x': 771, 'y': 577, 't': 359}, {'x': 773, 'y': 574, 't': 376}, {'x': 775, 'y': 571, 't': 393}, {'x': 775, 'y': 567, 't': 409}, {'x': 776, 'y': 558, 't': 426}, {'x': 776, 'y': 548, 't': 442}, {'x': 776, 'y': 537, 't': 459}, {'x': 774, 'y': 528, 't': 476}, {'x': 771, 'y': 515, 't': 492}, {'x': 769, 'y': 506, 't': 509}, {'x': 764, 'y': 491, 't': 526}, {'x': 760, 'y': 474, 't': 543}, {'x': 750, 'y': 450, 't': 559}, {'x': 740, 'y': 433, 't': 575}, {'x': 736, 'y': 425, 't': 592}, {'x': 722, 'y': 411, 't': 609}, {'x': 690, 'y': 388, 't': 626}, {'x': 640, 'y': 359, 't': 642}, {'x': 618, 'y': 347, 't': 659}, {'x': 600, 'y': 335, 't': 676}, {'x': 588, 'y': 327, 't': 692}, {'x': 580, 'y': 319, 't': 709}, {'x': 574, 'y': 313, 't': 726}, {'x': 571, 'y': 311, 't': 742}, {'x': 566, 'y': 307, 't': 759}, {'x': 562, 'y': 303, 't': 776}, {'x': 560, 'y': 299, 't': 792}, {'x': 556, 'y': 295, 't': 809}, {'x': 552, 'y': 291, 't': 826}, {'x': 547, 'y': 284, 't': 843}, {'x': 544, 'y': 280, 't': 859}, {'x': 544, 'y': 278, 't': 876}, {'x': 542, 'y': 275, 't': 892}, {'x': 539, 'y': 270, 't': 909}, {'x': 536, 'y': 263, 't': 925}, {'x': 531, 'y': 255, 't': 942}, {'x': 528, 'y': 248, 't': 959}, {'x': 528, 'y': 243, 't': 976}, {'x': 525, 'y': 240, 't': 993}, {'x': 524, 'y': 237, 't': 1010}]",1,"[{'x': 524, 'y': 237}]",[71],[1493],330.18549668141526,277.52367930509973,disgust_20240512132202613840_graph.png
110524180423,awe,21,Male,Student,Beginner,anger,"<iframe width=""700"" height=""450"" src=""https://www.youtube.com/embed/guVlUIt-eP4?si=ThXOTkgF7BjIoLul&amp;controls=0"" title=""YouTube video player"" frameborder=""0"" allow=""accelerometer; autoplay; clipboard-write; encrypted-media; gyroscope; picture-in-picture; web-share"" allowfullscreen></iframe>",Yes,1112,contentment,"[{'x': 771, 'y': 583, 't': 60}, {'x': 769, 'y': 583, 't': 277}, {'x': 768, 'y': 581, 't': 294}, {'x': 767, 'y': 579, 't': 327}, {'x': 763, 'y': 575, 't': 344}, {'x': 759, 'y': 571, 't': 362}, {'x': 754, 'y': 563, 't': 377}, {'x': 744, 'y': 544, 't': 394}, {'x': 739, 'y': 530, 't': 410}, {'x': 735, 'y': 519, 't': 428}, {'x': 731, 'y': 509, 't': 444}, {'x': 728, 'y': 500, 't': 461}, {'x': 728, 'y': 492, 't': 477}, {'x': 728, 'y': 490, 't': 494}, {'x': 728, 'y': 489, 't': 511}, {'x': 728, 'y': 491, 't': 561}, {'x': 725, 'y': 495, 't': 578}, {'x': 720, 'y': 495, 't': 595}, {'x': 708, 'y': 495, 't': 611}, {'x': 685, 'y': 485, 't': 627}, {'x': 654, 'y': 466, 't': 645}, {'x': 615, 'y': 437, 't': 661}, {'x': 579, 'y': 401, 't': 678}, {'x': 547, 'y': 367, 't': 694}, {'x': 532, 'y': 339, 't': 710}, {'x': 528, 'y': 328, 't': 728}, {'x': 528, 'y': 321, 't': 744}, {'x': 528, 'y': 318, 't': 761}, {'x': 528, 'y': 314, 't': 777}, {'x': 528, 'y': 307, 't': 795}, {'x': 528, 'y': 300, 't': 811}, {'x': 526, 'y': 295, 't': 827}, {'x': 525, 'y': 289, 't': 844}, {'x': 523, 'y': 283, 't': 861}, {'x': 521, 'y': 275, 't': 877}, {'x': 520, 'y': 270, 't': 894}, {'x': 518, 'y': 264, 't': 912}, {'x': 518, 'y': 262, 't': 928}, {'x': 518, 'y': 261, 't': 944}, {'x': 518, 'y': 260, 't': 961}, {'x': 517, 'y': 259, 't': 978}, {'x': 516, 'y': 259, 't': 993}]",1,"[{'x': 516, 'y': 259}]",[81],[1112],407.82946958309697,370.7839705378668,anger_20240512132213209757_graph.png
110524180423,awe,21,Male,Student,Beginner,contentment,contentment_00006.jpg,Yes,30470,awe,"[{'x': 477, 'y': 376, 't': 136}, {'x': 478, 'y': 376, 't': 186}, {'x': 480, 'y': 376, 't': 202}, {'x': 483, 'y': 376, 't': 236}, {'x': 489, 'y': 375, 't': 252}, {'x': 497, 'y': 375, 't': 269}, {'x': 509, 'y': 375, 't': 286}, {'x': 524, 'y': 375, 't': 302}, {'x': 541, 'y': 375, 't': 319}, {'x': 558, 'y': 375, 't': 335}, {'x': 576, 'y': 377, 't': 352}, {'x': 593, 'y': 385, 't': 369}, {'x': 600, 'y': 391, 't': 386}, {'x': 604, 'y': 399, 't': 402}, {'x': 605, 'y': 411, 't': 419}, {'x': 605, 'y': 423, 't': 436}, {'x': 600, 'y': 433, 't': 452}, {'x': 592, 'y': 439, 't': 469}, {'x': 582, 'y': 443, 't': 486}, {'x': 572, 'y': 444, 't': 502}, {'x': 567, 'y': 444, 't': 520}, {'x': 561, 'y': 444, 't': 536}, {'x': 559, 'y': 443, 't': 553}, {'x': 557, 'y': 442, 't': 569}, {'x': 557, 'y': 438, 't': 586}, {'x': 558, 'y': 435, 't': 602}, {'x': 563, 'y': 431, 't': 620}, {'x': 575, 'y': 431, 't': 636}, {'x': 581, 'y': 431, 't': 652}, {'x': 585, 'y': 433, 't': 669}, {'x': 588, 'y': 435, 't': 685}, {'x': 588, 'y': 438, 't': 702}, {'x': 588, 'y': 439, 't': 719}, {'x': 588, 'y': 442, 't': 736}, {'x': 587, 'y': 444, 't': 753}, {'x': 584, 'y': 446, 't': 770}, {'x': 573, 'y': 446, 't': 785}, {'x': 567, 'y': 446, 't': 802}, {'x': 563, 'y': 445, 't': 819}, {'x': 561, 'y': 443, 't': 835}, {'x': 559, 'y': 441, 't': 853}, {'x': 559, 'y': 438, 't': 869}, {'x': 559, 'y': 435, 't': 885}, {'x': 559, 'y': 434, 't': 902}, {'x': 560, 'y': 431, 't': 919}, {'x': 561, 'y': 430, 't': 952}, {'x': 561, 'y': 429, 't': 969}, {'x': 562, 'y': 429, 't': 986}, {'x': 564, 'y': 428, 't': 1002}, {'x': 564, 'y': 427, 't': 1020}, {'x': 565, 'y': 427, 't': 1036}, {'x': 566, 'y': 426, 't': 1052}, {'x': 568, 'y': 425, 't': 1069}, {'x': 568, 'y': 424, 't': 1086}, {'x': 571, 'y': 422, 't': 1102}, {'x': 571, 'y': 419, 't': 1119}, {'x': 572, 'y': 418, 't': 1136}, {'x': 573, 'y': 415, 't': 1169}, {'x': 573, 'y': 414, 't': 1185}, {'x': 573, 'y': 410, 't': 1202}, {'x': 573, 'y': 406, 't': 1219}, {'x': 573, 'y': 401, 't': 1236}, {'x': 573, 'y': 397, 't': 1252}, {'x': 573, 'y': 392, 't': 1269}, {'x': 573, 'y': 387, 't': 1286}, {'x': 572, 'y': 383, 't': 1302}, {'x': 571, 'y': 375, 't': 1319}, {'x': 569, 'y': 369, 't': 1335}, {'x': 568, 'y': 363, 't': 1352}, {'x': 567, 'y': 358, 't': 1369}, {'x': 565, 'y': 350, 't': 1385}, {'x': 565, 'y': 346, 't': 1402}, {'x': 564, 'y': 343, 't': 1419}, {'x': 563, 'y': 337, 't': 1435}, {'x': 562, 'y': 332, 't': 1452}, {'x': 562, 'y': 327, 't': 1469}, {'x': 561, 'y': 326, 't': 1486}, {'x': 561, 'y': 323, 't': 1519}, {'x': 561, 'y': 321, 't': 1536}, {'x': 561, 'y': 319, 't': 1552}, {'x': 561, 'y': 318, 't': 1603}, {'x': 561, 'y': 317, 't': 1620}, {'x': 563, 'y': 317, 't': 1635}, {'x': 563, 'y': 316, 't': 1652}, {'x': 564, 'y': 315, 't': 1669}, {'x': 566, 'y': 314, 't': 1685}, {'x': 568, 'y': 312, 't': 1702}, {'x': 569, 'y': 312, 't': 1726}, {'x': 570, 'y': 312, 't': 1735}, {'x': 572, 'y': 312, 't': 1752}, {'x': 578, 'y': 314, 't': 1778}, {'x': 580, 'y': 315, 't': 1786}, {'x': 586, 'y': 319, 't': 1802}, {'x': 596, 'y': 326, 't': 1818}, {'x': 600, 'y': 328, 't': 1835}, {'x': 605, 'y': 332, 't': 1852}, {'x': 608, 'y': 333, 't': 1869}, {'x': 612, 'y': 336, 't': 1885}, {'x': 614, 'y': 338, 't': 1902}, {'x': 616, 'y': 339, 't': 1919}, {'x': 617, 'y': 339, 't': 1938}, {'x': 618, 'y': 339, 't': 1955}, {'x': 620, 'y': 339, 't': 1969}, {'x': 621, 'y': 339, 't': 1985}, {'x': 623, 'y': 339, 't': 2002}, {'x': 624, 'y': 339, 't': 2019}, {'x': 625, 'y': 339, 't': 2036}, {'x': 626, 'y': 339, 't': 2052}, {'x': 627, 'y': 339, 't': 2069}, {'x': 628, 'y': 339, 't': 2090}, {'x': 629, 'y': 338, 't': 2150}, {'x': 630, 'y': 337, 't': 2185}, {'x': 631, 'y': 337, 't': 2210}, {'x': 656, 'y': 307, 't': 29290}, {'x': 640, 'y': 302, 't': 29832}, {'x': 568, 'y': 280, 't': 29848}, {'x': 528, 'y': 267, 't': 29865}, {'x': 509, 'y': 260, 't': 29884}, {'x': 496, 'y': 255, 't': 29900}, {'x': 488, 'y': 251, 't': 29915}, {'x': 482, 'y': 247, 't': 29932}, {'x': 479, 'y': 246, 't': 29948}, {'x': 476, 'y': 244, 't': 29966}, {'x': 476, 'y': 243, 't': 29982}, {'x': 474, 'y': 243, 't': 29999}, {'x': 473, 'y': 243, 't': 30016}, {'x': 472, 'y': 243, 't': 30032}, {'x': 472, 'y': 242, 't': 30049}, {'x': 472, 'y': 241, 't': 30066}, {'x': 471, 'y': 241, 't': 30082}, {'x': 470, 'y': 241, 't': 30099}]",1,"[{'x': 470, 'y': 241}]",[225],[30469],24.644340663095402,4.436539535994491,contentment_20240512132247001408_graph.png
110524180423,awe,21,Male,Student,Beginner,disgust,"<iframe width=""700"" height=""450"" src=""https://www.youtube.com/embed/yekWI59YWTg?si=rFBYReNokzbpMk9K&amp;controls=0"" title=""YouTube video player"" frameborder=""0"" allow=""accelerometer; autoplay; clipboard-write; encrypted-media; gyroscope; picture-in-picture; web-share"" allowfullscreen></iframe>",Yes,52991,amusement,"[{'x': 474, 'y': 358, 't': 1408}, {'x': 482, 'y': 345, 't': 1424}, {'x': 490, 'y': 335, 't': 1441}, {'x': 491, 'y': 332, 't': 1457}, {'x': 494, 'y': 327, 't': 1474}, {'x': 498, 'y': 320, 't': 1491}, {'x': 500, 'y': 317, 't': 1507}, {'x': 502, 'y': 314, 't': 1524}, {'x': 504, 'y': 311, 't': 1540}, {'x': 504, 'y': 310, 't': 1557}, {'x': 506, 'y': 308, 't': 1574}, {'x': 506, 'y': 307, 't': 1591}, {'x': 507, 'y': 306, 't': 1607}, {'x': 508, 'y': 304, 't': 1624}, {'x': 508, 'y': 303, 't': 1640}, {'x': 510, 'y': 302, 't': 1657}, {'x': 511, 'y': 301, 't': 1674}, {'x': 512, 'y': 299, 't': 1690}, {'x': 512, 'y': 298, 't': 1707}, {'x': 514, 'y': 295, 't': 1724}, {'x': 515, 'y': 294, 't': 1740}, {'x': 516, 'y': 294, 't': 1757}, {'x': 516, 'y': 292, 't': 1774}, {'x': 517, 'y': 291, 't': 1790}, {'x': 519, 'y': 290, 't': 1807}, {'x': 520, 'y': 290, 't': 1823}, {'x': 520, 'y': 288, 't': 1840}, {'x': 520, 'y': 287, 't': 1857}, {'x': 521, 'y': 287, 't': 1873}, {'x': 522, 'y': 287, 't': 1903}, {'x': 524, 'y': 287, 't': 1917}, {'x': 524, 'y': 288, 't': 1957}, {'x': 524, 'y': 290, 't': 1973}, {'x': 525, 'y': 291, 't': 1990}, {'x': 526, 'y': 291, 't': 2007}, {'x': 526, 'y': 293, 't': 2023}, {'x': 527, 'y': 294, 't': 2040}, {'x': 528, 'y': 296, 't': 2057}, {'x': 528, 'y': 298, 't': 2074}, {'x': 528, 'y': 302, 't': 2091}, {'x': 529, 'y': 303, 't': 2107}, {'x': 529, 'y': 307, 't': 2124}, {'x': 529, 'y': 310, 't': 2141}, {'x': 529, 'y': 313, 't': 2157}, {'x': 529, 'y': 318, 't': 2174}, {'x': 529, 'y': 320, 't': 2190}, {'x': 529, 'y': 327, 't': 2207}, {'x': 528, 'y': 330, 't': 2224}, {'x': 556, 'y': 248, 't': 51794}, {'x': 556, 'y': 247, 't': 51873}, {'x': 552, 'y': 243, 't': 51885}, {'x': 550, 'y': 241, 't': 51901}, {'x': 548, 'y': 238, 't': 51918}, {'x': 546, 'y': 236, 't': 51935}, {'x': 543, 'y': 233, 't': 51952}, {'x': 539, 'y': 229, 't': 51968}, {'x': 532, 'y': 225, 't': 51985}, {'x': 528, 'y': 222, 't': 52002}, {'x': 527, 'y': 221, 't': 52018}, {'x': 527, 'y': 220, 't': 52034}, {'x': 524, 'y': 218, 't': 52052}, {'x': 520, 'y': 215, 't': 52068}, {'x': 513, 'y': 210, 't': 52085}, {'x': 492, 'y': 200, 't': 52105}, {'x': 446, 'y': 179, 't': 52138}, {'x': 382, 'y': 144, 't': 52189}, {'x': 368, 'y': 135, 't': 52203}, {'x': 356, 'y': 125, 't': 52219}, {'x': 349, 'y': 119, 't': 52236}, {'x': 343, 'y': 115, 't': 52252}, {'x': 337, 'y': 111, 't': 52268}, {'x': 332, 'y': 107, 't': 52284}, {'x': 325, 'y': 104, 't': 52301}, {'x': 325, 'y': 103, 't': 52317}, {'x': 324, 'y': 103, 't': 52393}, {'x': 324, 'y': 102, 't': 52401}, {'x': 324, 'y': 101, 't': 52417}, {'x': 324, 'y': 102, 't': 52435}, {'x': 332, 'y': 116, 't': 52453}, {'x': 345, 'y': 133, 't': 52468}, {'x': 364, 'y': 152, 't': 52485}, {'x': 405, 'y': 189, 't': 52501}, {'x': 416, 'y': 199, 't': 52519}, {'x': 438, 'y': 219, 't': 52534}, {'x': 443, 'y': 223, 't': 52551}, {'x': 444, 'y': 223, 't': 52570}, {'x': 444, 'y': 224, 't': 52801}, {'x': 444, 'y': 227, 't': 52817}, {'x': 444, 'y': 230, 't': 52835}, {'x': 444, 'y': 232, 't': 52851}, {'x': 445, 'y': 233, 't': 52867}, {'x': 446, 'y': 234, 't': 52901}, {'x': 446, 'y': 235, 't': 52926}, {'x': 446, 'y': 235, 't': 52984}, {'x': 446, 'y': 236, 't': 52991}]",1,"[{'x': 446, 'y': 235}]",[65],[52991],13.019541987230035,2.362134736588304,disgust_20240512132343913503_graph.png
110524180423,awe,21,Male,Student,Beginner,excitement,excitement_00002.jpg,Yes,1795,excitement,"[{'x': 769, 'y': 403, 't': 160}, {'x': 768, 'y': 407, 't': 276}, {'x': 767, 'y': 419, 't': 293}, {'x': 766, 'y': 423, 't': 310}, {'x': 764, 'y': 424, 't': 327}, {'x': 764, 'y': 425, 't': 343}, {'x': 761, 'y': 426, 't': 360}, {'x': 759, 'y': 426, 't': 380}, {'x': 758, 'y': 426, 't': 393}, {'x': 757, 'y': 426, 't': 410}, {'x': 756, 'y': 426, 't': 427}, {'x': 755, 'y': 426, 't': 460}, {'x': 754, 'y': 426, 't': 527}, {'x': 753, 'y': 427, 't': 543}, {'x': 752, 'y': 430, 't': 559}, {'x': 748, 'y': 439, 't': 577}, {'x': 745, 'y': 451, 't': 594}, {'x': 742, 'y': 467, 't': 610}, {'x': 742, 'y': 486, 't': 627}, {'x': 742, 'y': 502, 't': 644}, {'x': 744, 'y': 517, 't': 659}, {'x': 752, 'y': 532, 't': 677}, {'x': 772, 'y': 549, 't': 693}, {'x': 793, 'y': 555, 't': 710}, {'x': 813, 'y': 553, 't': 727}, {'x': 838, 'y': 538, 't': 743}, {'x': 852, 'y': 512, 't': 760}, {'x': 852, 'y': 477, 't': 777}, {'x': 842, 'y': 439, 't': 793}, {'x': 817, 'y': 407, 't': 810}, {'x': 790, 'y': 391, 't': 827}, {'x': 771, 'y': 390, 't': 843}, {'x': 753, 'y': 398, 't': 860}, {'x': 728, 'y': 419, 't': 876}, {'x': 718, 'y': 427, 't': 893}, {'x': 715, 'y': 432, 't': 910}, {'x': 715, 'y': 433, 't': 943}, {'x': 713, 'y': 433, 't': 960}, {'x': 706, 'y': 425, 't': 977}, {'x': 687, 'y': 409, 't': 994}, {'x': 667, 'y': 395, 't': 1010}, {'x': 638, 'y': 379, 't': 1027}, {'x': 605, 'y': 356, 't': 1043}, {'x': 585, 'y': 344, 't': 1060}, {'x': 564, 'y': 327, 't': 1076}, {'x': 554, 'y': 318, 't': 1093}, {'x': 550, 'y': 312, 't': 1110}, {'x': 547, 'y': 307, 't': 1127}, {'x': 543, 'y': 303, 't': 1143}, {'x': 540, 'y': 300, 't': 1160}, {'x': 540, 'y': 299, 't': 1177}, {'x': 538, 'y': 295, 't': 1326}, {'x': 534, 'y': 285, 't': 1343}, {'x': 532, 'y': 280, 't': 1359}, {'x': 531, 'y': 278, 't': 1377}, {'x': 531, 'y': 277, 't': 1393}, {'x': 531, 'y': 276, 't': 1410}, {'x': 531, 'y': 275, 't': 1589}, {'x': 532, 'y': 271, 't': 1596}, {'x': 532, 'y': 266, 't': 1610}, {'x': 532, 'y': 254, 't': 1627}, {'x': 532, 'y': 240, 't': 1643}, {'x': 532, 'y': 233, 't': 1660}, {'x': 532, 'y': 232, 't': 1677}]",2,"[{'x': 531, 'y': 276}, {'x': 532, 'y': 232}]","[85, 77]","[1530, 1795]",445.69097767839054,162.81331090305363,excitement_20240512132751873271_graph.png
110524180423,awe,21,Male,Student,Beginner,anger,anger_00001.jpg,Yes,86498,awe,"[{'x': 793, 'y': 655, 't': 85583}, {'x': 789, 'y': 626, 't': 85598}, {'x': 780, 'y': 604, 't': 85615}, {'x': 768, 'y': 595, 't': 85632}, {'x': 749, 'y': 583, 't': 85648}, {'x': 713, 'y': 559, 't': 85665}, {'x': 674, 'y': 538, 't': 85682}, {'x': 644, 'y': 529, 't': 85698}, {'x': 631, 'y': 526, 't': 85715}, {'x': 620, 'y': 521, 't': 85732}, {'x': 609, 'y': 515, 't': 85748}, {'x': 592, 'y': 511, 't': 85765}, {'x': 579, 'y': 509, 't': 85782}, {'x': 564, 'y': 505, 't': 85798}, {'x': 552, 'y': 502, 't': 85815}, {'x': 543, 'y': 496, 't': 85832}, {'x': 534, 'y': 488, 't': 85848}, {'x': 525, 'y': 468, 't': 85865}, {'x': 513, 'y': 439, 't': 85882}, {'x': 485, 'y': 396, 't': 85898}, {'x': 476, 'y': 376, 't': 85915}, {'x': 472, 'y': 365, 't': 85932}, {'x': 472, 'y': 352, 't': 85948}, {'x': 472, 'y': 334, 't': 85965}, {'x': 472, 'y': 323, 't': 85982}, {'x': 472, 'y': 313, 't': 85998}, {'x': 475, 'y': 306, 't': 86015}, {'x': 476, 'y': 301, 't': 86032}, {'x': 476, 'y': 296, 't': 86048}, {'x': 476, 'y': 291, 't': 86065}, {'x': 477, 'y': 283, 't': 86082}, {'x': 477, 'y': 277, 't': 86098}, {'x': 478, 'y': 275, 't': 86115}, {'x': 478, 'y': 274, 't': 86210}, {'x': 478, 'y': 271, 't': 86248}, {'x': 478, 'y': 263, 't': 86265}, {'x': 478, 'y': 258, 't': 86282}, {'x': 479, 'y': 248, 't': 86298}, {'x': 479, 'y': 246, 't': 86315}, {'x': 479, 'y': 242, 't': 86332}, {'x': 479, 'y': 239, 't': 86348}]",1,"[{'x': 479, 'y': 239}]",[94],[86498],6.867796991377831,6.025601237777531,anger_20240514005124304219_graph.png
110524180423,awe,21,Male,Student,Beginner,anger,"<iframe width=""700"" height=""450"" src=""https://www.youtube.com/embed/guVlUIt-eP4?si=ThXOTkgF7BjIoLul&amp;controls=0"" title=""YouTube video player"" frameborder=""0"" allow=""accelerometer; autoplay; clipboard-write; encrypted-media; gyroscope; picture-in-picture; web-share"" allowfullscreen></iframe>",Yes,1428,excitement,"[{'x': 706, 'y': 399, 't': 121}, {'x': 708, 'y': 402, 't': 138}, {'x': 711, 'y': 404, 't': 154}, {'x': 713, 'y': 408, 't': 171}, {'x': 723, 'y': 416, 't': 187}, {'x': 740, 'y': 431, 't': 204}, {'x': 767, 'y': 453, 't': 221}, {'x': 774, 'y': 457, 't': 237}, {'x': 798, 'y': 471, 't': 254}, {'x': 806, 'y': 471, 't': 271}, {'x': 815, 'y': 471, 't': 287}, {'x': 823, 'y': 464, 't': 304}, {'x': 826, 'y': 459, 't': 321}, {'x': 828, 'y': 438, 't': 337}, {'x': 828, 'y': 426, 't': 354}, {'x': 820, 'y': 410, 't': 371}, {'x': 796, 'y': 401, 't': 387}, {'x': 764, 'y': 402, 't': 405}, {'x': 726, 'y': 423, 't': 421}, {'x': 708, 'y': 448, 't': 437}, {'x': 702, 'y': 466, 't': 454}, {'x': 700, 'y': 483, 't': 471}, {'x': 705, 'y': 494, 't': 493}, {'x': 708, 'y': 496, 't': 504}, {'x': 715, 'y': 497, 't': 521}, {'x': 720, 'y': 496, 't': 539}, {'x': 727, 'y': 482, 't': 557}, {'x': 728, 'y': 462, 't': 573}, {'x': 728, 'y': 450, 't': 589}, {'x': 711, 'y': 419, 't': 606}, {'x': 700, 'y': 408, 't': 623}, {'x': 688, 'y': 406, 't': 640}, {'x': 684, 'y': 405, 't': 655}, {'x': 680, 'y': 405, 't': 672}, {'x': 677, 'y': 405, 't': 690}, {'x': 676, 'y': 407, 't': 705}, {'x': 675, 'y': 409, 't': 721}, {'x': 675, 'y': 410, 't': 738}, {'x': 675, 'y': 411, 't': 756}, {'x': 674, 'y': 410, 't': 872}, {'x': 672, 'y': 407, 't': 890}, {'x': 667, 'y': 397, 't': 906}, {'x': 661, 'y': 391, 't': 921}, {'x': 656, 'y': 387, 't': 938}, {'x': 644, 'y': 376, 't': 956}, {'x': 624, 'y': 361, 't': 973}, {'x': 620, 'y': 357, 't': 988}, {'x': 603, 'y': 343, 't': 1005}, {'x': 591, 'y': 328, 't': 1023}, {'x': 585, 'y': 323, 't': 1039}, {'x': 581, 'y': 319, 't': 1055}, {'x': 578, 'y': 316, 't': 1071}, {'x': 575, 'y': 314, 't': 1088}, {'x': 569, 'y': 310, 't': 1104}, {'x': 567, 'y': 309, 't': 1121}, {'x': 554, 'y': 300, 't': 1138}, {'x': 549, 'y': 298, 't': 1163}, {'x': 536, 'y': 288, 't': 1174}, {'x': 532, 'y': 284, 't': 1188}, {'x': 528, 'y': 279, 't': 1206}, {'x': 527, 'y': 275, 't': 1223}, {'x': 526, 'y': 272, 't': 1240}, {'x': 523, 'y': 266, 't': 1255}, {'x': 519, 'y': 259, 't': 1272}, {'x': 516, 'y': 253, 't': 1290}, {'x': 516, 'y': 252, 't': 1307}]",1,"[{'x': 516, 'y': 252}]",[63],[1428],529.3355223666911,168.22617367223046,anger_20240514005128577916_graph.png
110524180423,awe,21,Male,Student,Beginner,contentment,contentment_00001.jpg,Yes,1693,contentment,"[{'x': 756, 'y': 427, 't': 4}, {'x': 755, 'y': 427, 't': 301}, {'x': 745, 'y': 433, 't': 318}, {'x': 743, 'y': 435, 't': 334}, {'x': 741, 'y': 435, 't': 351}, {'x': 739, 'y': 439, 't': 368}, {'x': 736, 'y': 441, 't': 384}, {'x': 731, 'y': 446, 't': 402}, {'x': 725, 'y': 451, 't': 418}, {'x': 720, 'y': 455, 't': 434}, {'x': 715, 'y': 458, 't': 451}, {'x': 709, 'y': 462, 't': 468}, {'x': 704, 'y': 465, 't': 485}, {'x': 697, 'y': 469, 't': 501}, {'x': 677, 'y': 469, 't': 518}, {'x': 660, 'y': 465, 't': 535}, {'x': 649, 'y': 463, 't': 551}, {'x': 639, 'y': 463, 't': 568}, {'x': 632, 'y': 463, 't': 585}, {'x': 628, 'y': 463, 't': 601}, {'x': 625, 'y': 463, 't': 618}, {'x': 623, 'y': 463, 't': 634}, {'x': 618, 'y': 464, 't': 651}, {'x': 612, 'y': 463, 't': 668}, {'x': 604, 'y': 460, 't': 684}, {'x': 600, 'y': 457, 't': 701}, {'x': 593, 'y': 450, 't': 718}, {'x': 589, 'y': 444, 't': 734}, {'x': 584, 'y': 438, 't': 751}, {'x': 581, 'y': 432, 't': 768}, {'x': 577, 'y': 424, 't': 785}, {'x': 573, 'y': 418, 't': 801}, {'x': 570, 'y': 413, 't': 818}, {'x': 568, 'y': 410, 't': 834}, {'x': 565, 'y': 404, 't': 851}, {'x': 561, 'y': 399, 't': 868}, {'x': 558, 'y': 393, 't': 884}, {'x': 554, 'y': 387, 't': 901}, {'x': 548, 'y': 380, 't': 918}, {'x': 544, 'y': 375, 't': 934}, {'x': 540, 'y': 367, 't': 951}, {'x': 534, 'y': 359, 't': 968}, {'x': 528, 'y': 348, 't': 985}, {'x': 520, 'y': 337, 't': 1001}, {'x': 515, 'y': 326, 't': 1018}, {'x': 509, 'y': 315, 't': 1034}, {'x': 504, 'y': 306, 't': 1051}, {'x': 501, 'y': 297, 't': 1068}, {'x': 499, 'y': 289, 't': 1084}, {'x': 498, 'y': 284, 't': 1101}, {'x': 496, 'y': 278, 't': 1118}, {'x': 496, 'y': 275, 't': 1134}, {'x': 496, 'y': 274, 't': 1151}, {'x': 496, 'y': 273, 't': 1168}, {'x': 496, 'y': 272, 't': 1434}, {'x': 496, 'y': 271, 't': 1468}, {'x': 496, 'y': 270, 't': 1484}, {'x': 496, 'y': 267, 't': 1501}, {'x': 496, 'y': 262, 't': 1519}, {'x': 496, 'y': 260, 't': 1534}, {'x': 496, 'y': 259, 't': 1551}, {'x': 496, 'y': 258, 't': 1568}]",2,"[{'x': 496, 'y': 273}, {'x': 496, 'y': 258}]","[99, 79]","[1289, 1693]",237.55067730587106,183.1650156460665,contentment_20240514005133228218_graph.png
110524180423,awe,21,Male,Student,Beginner,disgust,"<iframe width=""700"" height=""450"" src=""https://www.youtube.com/embed/yekWI59YWTg?si=rFBYReNokzbpMk9K&amp;controls=0"" title=""YouTube video player"" frameborder=""0"" allow=""accelerometer; autoplay; clipboard-write; encrypted-media; gyroscope; picture-in-picture; web-share"" allowfullscreen></iframe>",Yes,1401,contentment,"[{'x': 676, 'y': 397, 't': 14}, {'x': 664, 'y': 388, 't': 30}, {'x': 646, 'y': 377, 't': 47}, {'x': 628, 'y': 368, 't': 63}, {'x': 609, 'y': 359, 't': 80}, {'x': 593, 'y': 349, 't': 97}, {'x': 583, 'y': 341, 't': 114}, {'x': 569, 'y': 327, 't': 130}, {'x': 564, 'y': 322, 't': 147}, {'x': 556, 'y': 312, 't': 163}, {'x': 552, 'y': 307, 't': 180}, {'x': 547, 'y': 299, 't': 197}, {'x': 543, 'y': 296, 't': 213}, {'x': 537, 'y': 289, 't': 230}, {'x': 532, 'y': 283, 't': 247}, {'x': 526, 'y': 276, 't': 263}, {'x': 521, 'y': 271, 't': 280}, {'x': 517, 'y': 266, 't': 296}, {'x': 513, 'y': 263, 't': 314}, {'x': 509, 'y': 257, 't': 330}, {'x': 509, 'y': 255, 't': 347}, {'x': 508, 'y': 255, 't': 363}, {'x': 508, 'y': 254, 't': 380}, {'x': 507, 'y': 253, 't': 497}, {'x': 506, 'y': 253, 't': 513}, {'x': 504, 'y': 253, 't': 530}, {'x': 502, 'y': 252, 't': 547}, {'x': 500, 'y': 251, 't': 564}, {'x': 496, 'y': 251, 't': 580}, {'x': 493, 'y': 250, 't': 597}, {'x': 491, 'y': 249, 't': 614}, {'x': 488, 'y': 249, 't': 630}, {'x': 487, 'y': 249, 't': 647}, {'x': 485, 'y': 248, 't': 663}, {'x': 484, 'y': 248, 't': 680}, {'x': 482, 'y': 247, 't': 697}, {'x': 480, 'y': 247, 't': 713}, {'x': 479, 'y': 247, 't': 730}, {'x': 476, 'y': 247, 't': 747}, {'x': 475, 'y': 247, 't': 764}, {'x': 472, 'y': 246, 't': 797}, {'x': 470, 'y': 245, 't': 813}, {'x': 468, 'y': 244, 't': 830}, {'x': 466, 'y': 243, 't': 847}, {'x': 462, 'y': 242, 't': 864}, {'x': 459, 'y': 242, 't': 880}, {'x': 454, 'y': 239, 't': 900}, {'x': 452, 'y': 239, 't': 913}, {'x': 448, 'y': 236, 't': 930}, {'x': 445, 'y': 235, 't': 947}, {'x': 442, 'y': 232, 't': 964}, {'x': 436, 'y': 227, 't': 980}, {'x': 429, 'y': 219, 't': 997}, {'x': 421, 'y': 211, 't': 1014}, {'x': 420, 'y': 209, 't': 1030}, {'x': 419, 'y': 209, 't': 1047}, {'x': 424, 'y': 220, 't': 1180}, {'x': 429, 'y': 231, 't': 1197}, {'x': 433, 'y': 239, 't': 1214}, {'x': 436, 'y': 243, 't': 1230}, {'x': 438, 'y': 245, 't': 1247}, {'x': 439, 'y': 246, 't': 1264}, {'x': 440, 'y': 247, 't': 1280}]",1,"[{'x': 440, 'y': 247}]",[79],[1401],267.0302391507942,199.5970571058764,disgust_20240514005137345864_graph.png
110524180423,awe,21,Male,Student,Beginner,excitement,excitement_00005.jpg,No,1620,disgust,"[{'x': 708, 'y': 389, 't': 310}, {'x': 732, 'y': 378, 't': 328}, {'x': 752, 'y': 373, 't': 343}, {'x': 768, 'y': 368, 't': 360}, {'x': 783, 'y': 365, 't': 376}, {'x': 797, 'y': 359, 't': 393}, {'x': 809, 'y': 355, 't': 410}, {'x': 821, 'y': 353, 't': 427}, {'x': 828, 'y': 351, 't': 443}, {'x': 836, 'y': 347, 't': 460}, {'x': 840, 'y': 346, 't': 477}, {'x': 844, 'y': 346, 't': 493}, {'x': 850, 'y': 344, 't': 510}, {'x': 853, 'y': 342, 't': 526}, {'x': 859, 'y': 341, 't': 543}, {'x': 861, 'y': 340, 't': 560}, {'x': 865, 'y': 339, 't': 576}, {'x': 866, 'y': 339, 't': 593}, {'x': 867, 'y': 339, 't': 610}, {'x': 868, 'y': 339, 't': 660}, {'x': 869, 'y': 339, 't': 876}, {'x': 871, 'y': 339, 't': 910}, {'x': 872, 'y': 339, 't': 943}, {'x': 873, 'y': 339, 't': 1010}, {'x': 879, 'y': 335, 't': 1076}, {'x': 894, 'y': 321, 't': 1093}, {'x': 904, 'y': 312, 't': 1110}, {'x': 916, 'y': 302, 't': 1127}, {'x': 926, 'y': 294, 't': 1143}, {'x': 933, 'y': 290, 't': 1160}, {'x': 937, 'y': 287, 't': 1176}, {'x': 940, 'y': 284, 't': 1193}, {'x': 942, 'y': 283, 't': 1210}, {'x': 944, 'y': 281, 't': 1226}, {'x': 945, 'y': 279, 't': 1426}, {'x': 950, 'y': 270, 't': 1445}, {'x': 954, 'y': 262, 't': 1460}, {'x': 956, 'y': 259, 't': 1476}]",2,"[{'x': 944, 'y': 281}, {'x': 956, 'y': 259}]","[78, 87]","[1356, 1620]",179.56962019140997,172.84391528767736,excitement_20240514005142283394_graph.png
110524180423,awe,21,Male,Student,Beginner,sadness,sadness_00002.jpg,Yes,1575,contentment,"[{'x': 769, 'y': 578, 't': 580}, {'x': 740, 'y': 538, 't': 597}, {'x': 730, 'y': 517, 't': 613}, {'x': 720, 'y': 489, 't': 630}, {'x': 715, 'y': 476, 't': 647}, {'x': 711, 'y': 463, 't': 663}, {'x': 702, 'y': 443, 't': 680}, {'x': 697, 'y': 429, 't': 696}, {'x': 692, 'y': 415, 't': 713}, {'x': 684, 'y': 396, 't': 730}, {'x': 679, 'y': 385, 't': 747}, {'x': 671, 'y': 371, 't': 763}, {'x': 664, 'y': 361, 't': 780}, {'x': 658, 'y': 351, 't': 797}, {'x': 639, 'y': 332, 't': 813}, {'x': 620, 'y': 313, 't': 830}, {'x': 609, 'y': 302, 't': 846}, {'x': 600, 'y': 293, 't': 863}, {'x': 596, 'y': 290, 't': 880}, {'x': 593, 'y': 287, 't': 897}, {'x': 590, 'y': 285, 't': 913}, {'x': 588, 'y': 284, 't': 930}, {'x': 586, 'y': 283, 't': 963}, {'x': 585, 'y': 283, 't': 980}, {'x': 584, 'y': 282, 't': 1013}, {'x': 582, 'y': 280, 't': 1029}, {'x': 581, 'y': 280, 't': 1046}, {'x': 579, 'y': 277, 't': 1063}, {'x': 575, 'y': 272, 't': 1079}, {'x': 572, 'y': 267, 't': 1097}, {'x': 568, 'y': 264, 't': 1114}, {'x': 566, 'y': 259, 't': 1130}, {'x': 564, 'y': 259, 't': 1146}, {'x': 564, 'y': 257, 't': 1163}, {'x': 562, 'y': 255, 't': 1180}]",1,"[{'x': 562, 'y': 255}]",[222],[1575],249.4754625699633,243.5795873407922,sadness_20240514111251720983_graph.png
